-- 7大洲
insert into us_continent(id, name, english_name, order_no) values('1', '亚洲', 'Asia', 1);
insert into us_continent(id, name, english_name, order_no) values('2', '欧洲', 'Europe', 2);
insert into us_continent(id, name, english_name, order_no) values('3', '北美洲', 'North America', 3);
insert into us_continent(id, name, english_name, order_no) values('4', '南美洲', 'South America', 4);
insert into us_continent(id, name, english_name, order_no) values('5', '非洲', 'Africa', 5);
insert into us_continent(id, name, english_name, order_no) values('6', '大洋洲', 'Oceania', 6);
insert into us_continent(id, name, english_name, order_no) values('7', '南极洲', 'Antarctica', 7);

-- 243个国家和地区
insert into us_country_region(id, name, english_name, code, pinyin, pinyin_short, order_no, continent_id) values('001', '中国大陆', 'China', 'CHN', 'zhongguodalu', 'zgdl', 1, '1');
insert into us_country_region(id, name, english_name, code, pinyin, pinyin_short, order_no, continent_id) values('002', '中国香港', 'Hong Kong China', 'HK', 'zhongguoxianggang', 'zgxg', 2, '1');
insert into us_country_region(id, name, english_name, code, pinyin, pinyin_short, order_no, continent_id) values('003', '中国澳门', 'Macao China', 'MAC', 'zhongguoaomen', 'zgam', 3, '1');
insert into us_country_region(id, name, english_name, code, pinyin, pinyin_short, order_no, continent_id) values('004', '中国台湾', 'Taiwan China', 'TWD', 'zhongguotaiwan', 'zgtw', 4, '1');
insert into us_country_region(id, name, english_name, code, pinyin, pinyin_short, order_no, continent_id) values('005', '阿尔巴尼亚', 'Albania', 'ALB', 'aerbaniya', 'aebny', 5, '2');
insert into us_country_region(id, name, english_name, code, pinyin, pinyin_short, order_no, continent_id) values('006', '阿尔及利亚', 'Algeria', 'DZA', 'aerjiliya', 'aejly', 6, '5');
insert into us_country_region(id, name, english_name, code, pinyin, pinyin_short, order_no, continent_id) values('007', '阿富汗', 'Afghanistan', 'AFG', 'afuhan', 'afh', 7, '1');
insert into us_country_region(id, name, english_name, code, pinyin, pinyin_short, order_no, continent_id) values('008', '阿根廷', 'Argentina', 'ARG', 'agenting', 'agt', 8, '4');
insert into us_country_region(id, name, english_name, code, pinyin, pinyin_short, order_no, continent_id) values('009', '阿拉伯联合酋长国', 'United Arab Emirates', 'ARE', 'alabolianheqiuzhangguo', 'alblhqzg', 9, '1');
insert into us_country_region(id, name, english_name, code, pinyin, pinyin_short, order_no, continent_id) values('010', '阿鲁巴', 'Aruba', 'ABW', 'aluba', 'alb', 10, '3');
insert into us_country_region(id, name, english_name, code, pinyin, pinyin_short, order_no, continent_id) values('011', '阿曼', 'Oman', 'OMN', 'aman', 'am', 11, '1');
insert into us_country_region(id, name, english_name, code, pinyin, pinyin_short, order_no, continent_id) values('012', '阿塞拜疆', 'Azerbaijan', 'AZE', 'asaibaijiang', 'asbj', 12, '1');
insert into us_country_region(id, name, english_name, code, pinyin, pinyin_short, order_no, continent_id) values('013', '阿森松岛', 'Ascension Island', 'ASC', 'asensongdao', 'assd', 13, '5');
insert into us_country_region(id, name, english_name, code, pinyin, pinyin_short, order_no, continent_id) values('014', '埃及', 'Egypt', 'EGY', 'aiji', 'aj', 14, '5');
insert into us_country_region(id, name, english_name, code, pinyin, pinyin_short, order_no, continent_id) values('015', '埃塞俄比亚', 'Ethiopia', 'ETH', 'aisaiebiya', 'aseby', 15, '5');
insert into us_country_region(id, name, english_name, code, pinyin, pinyin_short, order_no, continent_id) values('016', '爱尔兰', 'Ireland', 'IRL', 'aierlan', 'ael', 16, '2');
insert into us_country_region(id, name, english_name, code, pinyin, pinyin_short, order_no, continent_id) values('017', '爱沙尼亚', 'Estonia', 'EST', 'aishaniya', 'asny', 17, '2');
insert into us_country_region(id, name, english_name, code, pinyin, pinyin_short, order_no, continent_id) values('018', '安道尔', 'Andorra', 'AND', 'andaoer', 'ade', 18, '2');
insert into us_country_region(id, name, english_name, code, pinyin, pinyin_short, order_no, continent_id) values('019', '安哥拉', 'Angola', 'AGO', 'angela', 'agl', 19, '5');
insert into us_country_region(id, name, english_name, code, pinyin, pinyin_short, order_no, continent_id) values('020', '安圭拉', 'Anguilla', 'AIA', 'anguila', 'agl', 20, '3');
insert into us_country_region(id, name, english_name, code, pinyin, pinyin_short, order_no, continent_id) values('021', '安提瓜岛和巴布达', 'Antigua and Barbuda', 'ATG', 'antiguadaohebabuda', 'atgdhbbd', 21, '3');
insert into us_country_region(id, name, english_name, code, pinyin, pinyin_short, order_no, continent_id) values('022', '澳大利亚', 'Australia', 'AUS', 'aodaliya', 'adly', 22, '6');
insert into us_country_region(id, name, english_name, code, pinyin, pinyin_short, order_no, continent_id) values('023', '奥地利', 'Austria', 'AUT', 'aodili', 'adl', 23, '2');
insert into us_country_region(id, name, english_name, code, pinyin, pinyin_short, order_no, continent_id) values('024', '奥兰群岛', 'Aland lslands', 'ALA', 'aolanqundao', 'alqd', 24, '2');
insert into us_country_region(id, name, english_name, code, pinyin, pinyin_short, order_no, continent_id) values('025', '巴巴多斯岛', 'Barbados', 'BRB', 'babaduosidao', 'bbdsd', 25, '3');
insert into us_country_region(id, name, english_name, code, pinyin, pinyin_short, order_no, continent_id) values('026', '巴布亚新几内亚', 'Papua New Guinea', 'PNG', 'babuyaxinjineiya', 'bbyxjny', 26, '6');
insert into us_country_region(id, name, english_name, code, pinyin, pinyin_short, order_no, continent_id) values('027', '巴哈马', 'Bahamas', 'BHS', 'bahama', 'bhm', 27, '3');
insert into us_country_region(id, name, english_name, code, pinyin, pinyin_short, order_no, continent_id) values('028', '巴基斯坦', 'Pakistan', 'PAK', 'bajisitan', 'bjst', 28, '1');
insert into us_country_region(id, name, english_name, code, pinyin, pinyin_short, order_no, continent_id) values('029', '巴拉圭', 'Paraguay', 'PRY', 'balagui', 'blg', 29, '4');
insert into us_country_region(id, name, english_name, code, pinyin, pinyin_short, order_no, continent_id) values('030', '巴勒斯坦', 'Palestinian Authority', 'PSE', 'balesitan', 'blst', 30, '1');
insert into us_country_region(id, name, english_name, code, pinyin, pinyin_short, order_no, continent_id) values('031', '巴林', 'Bahrain', 'BHR', 'balin', 'bl', 31, '1');
insert into us_country_region(id, name, english_name, code, pinyin, pinyin_short, order_no, continent_id) values('032', '巴拿马', 'Panama', 'PAN', 'banama', 'bnm', 32, '3');
insert into us_country_region(id, name, english_name, code, pinyin, pinyin_short, order_no, continent_id) values('033', '巴西', 'Brazil', 'BRA', 'baxi', 'bx', 33, '4');
insert into us_country_region(id, name, english_name, code, pinyin, pinyin_short, order_no, continent_id) values('034', '白俄罗斯', 'White Russia', 'BLR', 'baieluosi', 'bels', 34, '2');
insert into us_country_region(id, name, english_name, code, pinyin, pinyin_short, order_no, continent_id) values('035', '百慕大', 'Bermuda', 'BMU', 'baimuda', 'bmd', 35, '3');
insert into us_country_region(id, name, english_name, code, pinyin, pinyin_short, order_no, continent_id) values('036', '保加利亚', 'Bulgaria', 'BGR', 'baojialiya', 'bjly', 36, '2');
insert into us_country_region(id, name, english_name, code, pinyin, pinyin_short, order_no, continent_id) values('037', '北马里亚纳群岛', 'Northern Mariana Islands', 'MNP', 'beimaliyanaqundao', 'bmlynqd', 37, '6');
insert into us_country_region(id, name, english_name, code, pinyin, pinyin_short, order_no, continent_id) values('038', '贝宁', 'Benin', 'BEN', 'beining', 'bn', 38, '5');
insert into us_country_region(id, name, english_name, code, pinyin, pinyin_short, order_no, continent_id) values('039', '比利时', 'Belgium', 'BEL', 'bilishi', 'bls', 39, '2');
insert into us_country_region(id, name, english_name, code, pinyin, pinyin_short, order_no, continent_id) values('040', '冰岛', 'Iceland', 'ISL', 'bingdao', 'bd', 40, '2');
insert into us_country_region(id, name, english_name, code, pinyin, pinyin_short, order_no, continent_id) values('041', '波多黎各', 'Puerto Rico', 'PRI', 'boduolige', 'bdlg', 41, '3');
insert into us_country_region(id, name, english_name, code, pinyin, pinyin_short, order_no, continent_id) values('042', '波兰', 'Poland', 'POL', 'bolan', 'bl', 42, '2');
insert into us_country_region(id, name, english_name, code, pinyin, pinyin_short, order_no, continent_id) values('043', '玻利维亚', 'Bolivia', 'BOL', 'boliweiya', 'blwy', 43, '4');
insert into us_country_region(id, name, english_name, code, pinyin, pinyin_short, order_no, continent_id) values('044', '波斯尼亚和黑塞哥维那', 'Bosnia and Herzegovina', 'BIH', 'bosiniyaheheisaigeweinei', 'bsnyhhsgwn', 44, '2');
insert into us_country_region(id, name, english_name, code, pinyin, pinyin_short, order_no, continent_id) values('045', '博茨瓦纳', 'Botswana', 'BWA', 'bociwana', 'bcwn', 45, '5');
insert into us_country_region(id, name, english_name, code, pinyin, pinyin_short, order_no, continent_id) values('046', '伯利兹', 'Belize', 'BLZ', 'bolizi', 'blz', 46, '3');
insert into us_country_region(id, name, english_name, code, pinyin, pinyin_short, order_no, continent_id) values('047', '不丹', 'Bhutan', 'BTN', 'budan', 'bd', 47, '1');
insert into us_country_region(id, name, english_name, code, pinyin, pinyin_short, order_no, continent_id) values('048', '布基纳法索', 'Burkina Faso', 'BFA', 'bujinafasuo', 'bjnfs', 48, '5');
insert into us_country_region(id, name, english_name, code, pinyin, pinyin_short, order_no, continent_id) values('049', '布隆迪', 'Burundi', 'BDI', 'bulongdi', 'bld', 49, '5');
insert into us_country_region(id, name, english_name, code, pinyin, pinyin_short, order_no, continent_id) values('050', '布韦岛', 'Bouvet Island', 'BVT', 'buweidao', 'bwd', 50, '7');
insert into us_country_region(id, name, english_name, code, pinyin, pinyin_short, order_no, continent_id) values('051', '朝鲜', 'North Korea', 'PRK', 'chaoxian', 'cx', 51, '1');
insert into us_country_region(id, name, english_name, code, pinyin, pinyin_short, order_no, continent_id) values('052', '丹麦', 'Denmark', 'DNK', 'danmai', 'dm', 52, '2');
insert into us_country_region(id, name, english_name, code, pinyin, pinyin_short, order_no, continent_id) values('053', '德国', 'Germany', 'DEU', 'deguo', 'dg', 53, '2');
insert into us_country_region(id, name, english_name, code, pinyin, pinyin_short, order_no, continent_id) values('054', '东帝汶', 'Timor-Leste', 'TLS', 'dongdiwen', 'ddw', 54, '1');
insert into us_country_region(id, name, english_name, code, pinyin, pinyin_short, order_no, continent_id) values('055', '多哥', 'Togo', 'TGO', 'duoge', 'dg', 55, '5');
insert into us_country_region(id, name, english_name, code, pinyin, pinyin_short, order_no, continent_id) values('056', '多米尼加', 'Dominica', 'DMA', 'duominijia', 'dmnj', 56, '3');
insert into us_country_region(id, name, english_name, code, pinyin, pinyin_short, order_no, continent_id) values('057', '多米尼加共和国', 'Dominican Republic', 'DOM', 'duominijiagongheguo', 'dmnjghg', 57, '3');
insert into us_country_region(id, name, english_name, code, pinyin, pinyin_short, order_no, continent_id) values('058', '俄罗斯', 'Russia', 'RUS', 'eluosi', 'els', 58, '2');
insert into us_country_region(id, name, english_name, code, pinyin, pinyin_short, order_no, continent_id) values('059', '厄瓜多尔', 'Ecuador', 'ECU', 'eguaduoer', 'egde', 59, '4');
insert into us_country_region(id, name, english_name, code, pinyin, pinyin_short, order_no, continent_id) values('060', '厄立特里亚', 'Eritrea', 'ERI', 'eliteliya', 'eltly', 60, '5');
insert into us_country_region(id, name, english_name, code, pinyin, pinyin_short, order_no, continent_id) values('061', '法国', 'France', 'FRA', 'faguo', 'fg', 61, '2');
insert into us_country_region(id, name, english_name, code, pinyin, pinyin_short, order_no, continent_id) values('062', '法罗群岛', 'Faroe Islands', 'FRO', 'faluoqundao', 'flqd', 62, '2');
insert into us_country_region(id, name, english_name, code, pinyin, pinyin_short, order_no, continent_id) values('063', '法属波利尼西亚', 'Frech Polynesia', 'PYF', 'fashubolinixiya', 'fsblnxy', 63, '6');
insert into us_country_region(id, name, english_name, code, pinyin, pinyin_short, order_no, continent_id) values('064', '法属圭亚那', 'French Guiana', 'GUF', 'fashuguiyanei', 'fsgyn', 64, '4');
insert into us_country_region(id, name, english_name, code, pinyin, pinyin_short, order_no, continent_id) values('065', '法属南部领地', 'French Southern and Antarctic Lands', 'ATF', 'fashunanbulingdi', 'fsnbld', 65, '7');
insert into us_country_region(id, name, english_name, code, pinyin, pinyin_short, order_no, continent_id) values('066', '梵蒂冈', 'Vatican City', 'VAT', 'fandigang', 'fdg', 66, '2');
insert into us_country_region(id, name, english_name, code, pinyin, pinyin_short, order_no, continent_id) values('067', '菲律宾', 'Philippines', 'PHL', 'feilu:bin', 'flb', 67, '1');
insert into us_country_region(id, name, english_name, code, pinyin, pinyin_short, order_no, continent_id) values('068', '斐济', 'Fiji Islands', 'FJI', 'feiji', 'fj', 68, '6');
insert into us_country_region(id, name, english_name, code, pinyin, pinyin_short, order_no, continent_id) values('069', '芬兰', 'Finland', 'FIN', 'fenlan', 'fl', 69, '2');
insert into us_country_region(id, name, english_name, code, pinyin, pinyin_short, order_no, continent_id) values('070', '佛得角', 'Cape Verde', 'CPV', 'fodejiao', 'fdj', 70, '5');
insert into us_country_region(id, name, english_name, code, pinyin, pinyin_short, order_no, continent_id) values('071', '弗兰克群岛', 'Falkland Islands', 'FLK', 'fulankequndao', 'flkqd', 71, '4');
insert into us_country_region(id, name, english_name, code, pinyin, pinyin_short, order_no, continent_id) values('072', '冈比亚', 'Gambia', 'GMB', 'gangbiya', 'gby', 72, '5');
insert into us_country_region(id, name, english_name, code, pinyin, pinyin_short, order_no, continent_id) values('073', '刚果', 'Congo', 'COG', 'gangguo', 'gg', 73, '5');
insert into us_country_region(id, name, english_name, code, pinyin, pinyin_short, order_no, continent_id) values('074', '刚果民主共和国', 'Congo(DRC)', 'COD', 'gangguominzhugongheguo', 'ggmzghg', 74, '5');
insert into us_country_region(id, name, english_name, code, pinyin, pinyin_short, order_no, continent_id) values('075', '哥伦比亚', 'Colombia', 'COL', 'gelunbiya', 'glby', 75, '4');
insert into us_country_region(id, name, english_name, code, pinyin, pinyin_short, order_no, continent_id) values('076', '哥斯达黎加', 'Costa Rica', 'CRI', 'gesidalijia', 'gsdlj', 76, '3');
insert into us_country_region(id, name, english_name, code, pinyin, pinyin_short, order_no, continent_id) values('077', '格恩西岛', 'Guernsey', 'GGY', 'geenxidao', 'gexd', 77, '2');
insert into us_country_region(id, name, english_name, code, pinyin, pinyin_short, order_no, continent_id) values('078', '格林纳达', 'Grenada', 'GRD', 'gelinnada', 'glnd', 78, '3');
insert into us_country_region(id, name, english_name, code, pinyin, pinyin_short, order_no, continent_id) values('079', '格陵兰', 'Greenland', 'GRL', 'gelinglan', 'gll', 79, '3');
insert into us_country_region(id, name, english_name, code, pinyin, pinyin_short, order_no, continent_id) values('080', '古巴', 'Cuba', 'CUB', 'guba', 'gb', 80, '3');
insert into us_country_region(id, name, english_name, code, pinyin, pinyin_short, order_no, continent_id) values('081', '瓜德罗普', 'Guadeloupe', 'GLP', 'guadeluopu', 'gdlp', 81, '2');
insert into us_country_region(id, name, english_name, code, pinyin, pinyin_short, order_no, continent_id) values('082', '关岛', 'Guam', 'GUM', 'guandao', 'gd', 82, '6');
insert into us_country_region(id, name, english_name, code, pinyin, pinyin_short, order_no, continent_id) values('083', '圭亚那', 'Guyana', 'GUY', 'guiyanei', 'gyn', 83, '4');
insert into us_country_region(id, name, english_name, code, pinyin, pinyin_short, order_no, continent_id) values('084', '哈萨克斯坦', 'Kazakhstan', 'KAZ', 'hasakesitan', 'hskst', 84, '1');
insert into us_country_region(id, name, english_name, code, pinyin, pinyin_short, order_no, continent_id) values('085', '海地', 'Haiti', 'HTI', 'haidi', 'hd', 85, '3');
insert into us_country_region(id, name, english_name, code, pinyin, pinyin_short, order_no, continent_id) values('086', '韩国', 'Korea', 'KOR', 'hanguo', 'hg', 86, '1');
insert into us_country_region(id, name, english_name, code, pinyin, pinyin_short, order_no, continent_id) values('087', '荷兰', 'Netherlands', 'NLD', 'helan', 'hl', 87, '2');
insert into us_country_region(id, name, english_name, code, pinyin, pinyin_short, order_no, continent_id) values('088', '荷属安地列斯', 'Netherlands Antilles', 'ANT', 'heshuandiliesi', 'hsadls', 88, '3');
insert into us_country_region(id, name, english_name, code, pinyin, pinyin_short, order_no, continent_id) values('089', '赫德和麦克唐纳群岛', 'Heard Island and McDonald Islands', 'HMD', 'hedehemaiketangnaqundao', 'hdhmktnqd', 89, '');
insert into us_country_region(id, name, english_name, code, pinyin, pinyin_short, order_no, continent_id) values('090', '洪都拉斯', 'Honduras', 'HND', 'hongdoulasi', 'hdls', 90, '3');
insert into us_country_region(id, name, english_name, code, pinyin, pinyin_short, order_no, continent_id) values('091', '基里巴斯', 'Kiribati', 'KIR', 'jilibasi', 'jlbs', 91, '6');
insert into us_country_region(id, name, english_name, code, pinyin, pinyin_short, order_no, continent_id) values('092', '吉布提', 'Djibouti', 'DJI', 'jibuti', 'jbt', 92, '5');
insert into us_country_region(id, name, english_name, code, pinyin, pinyin_short, order_no, continent_id) values('093', '吉尔吉斯斯坦', 'Kyrgyzstan', 'KGZ', 'jierjisisitan', 'jejsst', 93, '1');
insert into us_country_region(id, name, english_name, code, pinyin, pinyin_short, order_no, continent_id) values('094', '几内亚', 'Guinea', 'GIN', 'jineiya', 'jny', 94, '5');
insert into us_country_region(id, name, english_name, code, pinyin, pinyin_short, order_no, continent_id) values('095', '几内亚比绍', 'Guinea-Bissau', 'GNB', 'jineiyabishao', 'jnybs', 95, '5');
insert into us_country_region(id, name, english_name, code, pinyin, pinyin_short, order_no, continent_id) values('096', '加拿大', 'Canada', 'CAN', 'jianada', 'jnd', 96, '3');
insert into us_country_region(id, name, english_name, code, pinyin, pinyin_short, order_no, continent_id) values('097', '加纳', 'Ghana', 'GHA', 'jiana', 'jn', 97, '5');
insert into us_country_region(id, name, english_name, code, pinyin, pinyin_short, order_no, continent_id) values('098', '加蓬', 'Gabon', 'GAB', 'jiapeng', 'jp', 98, '5');
insert into us_country_region(id, name, english_name, code, pinyin, pinyin_short, order_no, continent_id) values('099', '柬埔寨', 'Cambodia', 'KHM', 'jianpuzhai', 'jpz', 99, '1');
insert into us_country_region(id, name, english_name, code, pinyin, pinyin_short, order_no, continent_id) values('100', '捷克共和国', 'Czech Republic', 'CZE', 'jiekegongheguo', 'jkghg', 100, '2');
insert into us_country_region(id, name, english_name, code, pinyin, pinyin_short, order_no, continent_id) values('101', '津巴布韦', 'Zimbabwe', 'ZWE', 'jinbabuwei', 'jbbw', 101, '5');
insert into us_country_region(id, name, english_name, code, pinyin, pinyin_short, order_no, continent_id) values('102', '喀麦隆', 'Cameroon', 'CMR', 'kamailong', 'kml', 102, '5');
insert into us_country_region(id, name, english_name, code, pinyin, pinyin_short, order_no, continent_id) values('103', '卡塔尔', 'Qatar', 'QAT', 'kataer', 'kte', 103, '1');
insert into us_country_region(id, name, english_name, code, pinyin, pinyin_short, order_no, continent_id) values('104', '开曼群岛', 'Cayman Islands', 'CYM', 'kaimanqundao', 'kmqd', 104, '3');
insert into us_country_region(id, name, english_name, code, pinyin, pinyin_short, order_no, continent_id) values('105', '科科斯群岛', 'Cocos(Keeling)Islands', 'CCK', 'kekesiqundao', 'kksqd', 105, '6');
insert into us_country_region(id, name, english_name, code, pinyin, pinyin_short, order_no, continent_id) values('106', '科摩罗', 'Comoros', 'COM', 'kemoluo', 'kml', 106, '5');
insert into us_country_region(id, name, english_name, code, pinyin, pinyin_short, order_no, continent_id) values('107', '科特迪瓦', 'Cote d\'Ivoire', 'CIV', 'ketediwa', 'ktdw', 107, '5');
insert into us_country_region(id, name, english_name, code, pinyin, pinyin_short, order_no, continent_id) values('108', '科威特', 'Kuwait', 'KWT', 'keweite', 'kwt', 108, '1');
insert into us_country_region(id, name, english_name, code, pinyin, pinyin_short, order_no, continent_id) values('109', '克罗地亚', 'Croatia', 'HRV', 'keluodiya', 'kldy', 109, '2');
insert into us_country_region(id, name, english_name, code, pinyin, pinyin_short, order_no, continent_id) values('110', '肯尼亚', 'Kenya', 'KEN', 'kenniya', 'kny', 110, '5');
insert into us_country_region(id, name, english_name, code, pinyin, pinyin_short, order_no, continent_id) values('111', '库克群岛', 'Cook Islands', 'COK', 'kukequndao', 'kkqd', 111, '6');
insert into us_country_region(id, name, english_name, code, pinyin, pinyin_short, order_no, continent_id) values('112', '拉脱维亚', 'Latvia', 'LVA', 'latuoweiya', 'ltwy', 112, '2');
insert into us_country_region(id, name, english_name, code, pinyin, pinyin_short, order_no, continent_id) values('113', '莱索托', 'Lesotho', 'LSO', 'laisuotuo', 'lst', 113, '5');
insert into us_country_region(id, name, english_name, code, pinyin, pinyin_short, order_no, continent_id) values('114', '老挝', 'Laos', 'LAO', 'laowo', 'lw', 114, '1');
insert into us_country_region(id, name, english_name, code, pinyin, pinyin_short, order_no, continent_id) values('115', '黎巴嫩', 'Lebanon', 'LBN', 'libanen', 'lbn', 115, '1');
insert into us_country_region(id, name, english_name, code, pinyin, pinyin_short, order_no, continent_id) values('116', '利比里亚', 'Liberia', 'LBR', 'libiliya', 'lbly', 116, '5');
insert into us_country_region(id, name, english_name, code, pinyin, pinyin_short, order_no, continent_id) values('117', '利比亚', 'Libya', 'LBY', 'libiya', 'lby', 117, '5');
insert into us_country_region(id, name, english_name, code, pinyin, pinyin_short, order_no, continent_id) values('118', '立陶宛', 'Lithuania', 'LTU', 'litaowan', 'ltw', 118, '2');
insert into us_country_region(id, name, english_name, code, pinyin, pinyin_short, order_no, continent_id) values('119', '列支敦士登', 'Liechtenstein', 'LIE', 'liezhidunshideng', 'lzdsd', 119, '2');
insert into us_country_region(id, name, english_name, code, pinyin, pinyin_short, order_no, continent_id) values('120', '留尼旺岛', 'Reunion', 'REU', 'liuniwangdao', 'lnwd', 120, '5');
insert into us_country_region(id, name, english_name, code, pinyin, pinyin_short, order_no, continent_id) values('121', '卢森堡', 'Luxembourg', 'LUX', 'lusenbao', 'lsb', 121, '2');
insert into us_country_region(id, name, english_name, code, pinyin, pinyin_short, order_no, continent_id) values('122', '卢旺达', 'Rwanda', 'RWA', 'luwangda', 'lwd', 122, '5');
insert into us_country_region(id, name, english_name, code, pinyin, pinyin_short, order_no, continent_id) values('123', '罗马尼亚', 'Romania', 'ROU', 'luomaniya', 'lmny', 123, '2');
insert into us_country_region(id, name, english_name, code, pinyin, pinyin_short, order_no, continent_id) values('124', '马达加斯加', 'Madagascar', 'MDG', 'madajiasijia', 'mdjsj', 124, '5');
insert into us_country_region(id, name, english_name, code, pinyin, pinyin_short, order_no, continent_id) values('125', '马尔代夫', 'Maldives', 'MDV', 'maerdaifu', 'medf', 125, '1');
insert into us_country_region(id, name, english_name, code, pinyin, pinyin_short, order_no, continent_id) values('126', '马耳他', 'Malta', 'MLT', 'maerta', 'met', 126, '2');
insert into us_country_region(id, name, english_name, code, pinyin, pinyin_short, order_no, continent_id) values('127', '马拉维', 'Malawi', 'MWI', 'malawei', 'mlw', 127, '5');
insert into us_country_region(id, name, english_name, code, pinyin, pinyin_short, order_no, continent_id) values('128', '马来西亚', 'Malaysia', 'MYS', 'malaixiya', 'mlxy', 128, '1');
insert into us_country_region(id, name, english_name, code, pinyin, pinyin_short, order_no, continent_id) values('129', '马里', 'Mali', 'MLI', 'mali', 'ml', 129, '5');
insert into us_country_region(id, name, english_name, code, pinyin, pinyin_short, order_no, continent_id) values('130', '马其顿', 'Macedonia,Former Yugoslav Republic of', 'MKD', 'maqidun', 'mqd', 130, '2');
insert into us_country_region(id, name, english_name, code, pinyin, pinyin_short, order_no, continent_id) values('131', '马绍尔群岛', 'Marshall Islands', 'MHL', 'mashaoerqundao', 'mseqd', 131, '6');
insert into us_country_region(id, name, english_name, code, pinyin, pinyin_short, order_no, continent_id) values('132', '马提尼克', 'Martinique', 'MTQ', 'matinike', 'mtnk', 132, '4');
insert into us_country_region(id, name, english_name, code, pinyin, pinyin_short, order_no, continent_id) values('133', '马约特岛', 'Mayotte', 'MYT', 'mayuetedao', 'mytd', 133, '5');
insert into us_country_region(id, name, english_name, code, pinyin, pinyin_short, order_no, continent_id) values('134', '曼岛', 'Isle of Man', 'IMN', 'mandao', 'md', 134, '');
insert into us_country_region(id, name, english_name, code, pinyin, pinyin_short, order_no, continent_id) values('135', '毛里求斯', 'Mauritius', 'MUS', 'maoliqiusi', 'mlqs', 135, '5');
insert into us_country_region(id, name, english_name, code, pinyin, pinyin_short, order_no, continent_id) values('136', '毛里塔尼亚', 'Mauritania', 'MRT', 'maolitaniya', 'mltny', 136, '5');
insert into us_country_region(id, name, english_name, code, pinyin, pinyin_short, order_no, continent_id) values('137', '美国', 'United States', 'USA', 'meiguo', 'mg', 137, '3');
insert into us_country_region(id, name, english_name, code, pinyin, pinyin_short, order_no, continent_id) values('138', '美属萨摩亚', 'American Samoa', 'ASM', 'meishusamoya', 'mssmy', 138, '6');
insert into us_country_region(id, name, english_name, code, pinyin, pinyin_short, order_no, continent_id) values('139', '美属外岛', 'United States Minor Outlying Islands', 'UMI', 'meishuwaidao', 'mswd', 139, '');
insert into us_country_region(id, name, english_name, code, pinyin, pinyin_short, order_no, continent_id) values('140', '蒙古', 'Mongolia', 'MNG', 'menggu', 'mg', 140, '1');
insert into us_country_region(id, name, english_name, code, pinyin, pinyin_short, order_no, continent_id) values('141', '蒙特塞拉特', 'Montserrat', 'MSR', 'mengtesailate', 'mtslt', 141, '3');
insert into us_country_region(id, name, english_name, code, pinyin, pinyin_short, order_no, continent_id) values('142', '孟加拉', 'Bangladesh', 'BGD', 'mengjiala', 'mjl', 142, '1');
insert into us_country_region(id, name, english_name, code, pinyin, pinyin_short, order_no, continent_id) values('143', '密克罗尼西亚', 'Micronesia', 'FSM', 'mikeluonixiya', 'mklnxy', 143, '6');
insert into us_country_region(id, name, english_name, code, pinyin, pinyin_short, order_no, continent_id) values('144', '秘鲁', 'Peru', 'PER', 'milu', 'ml', 144, '4');
insert into us_country_region(id, name, english_name, code, pinyin, pinyin_short, order_no, continent_id) values('145', '缅甸', 'Myanmar', 'MMR', 'miandian', 'md', 145, '1');
insert into us_country_region(id, name, english_name, code, pinyin, pinyin_short, order_no, continent_id) values('146', '摩尔多瓦', 'Moldova', 'MDA', 'moerduowa', 'medw', 146, '2');
insert into us_country_region(id, name, english_name, code, pinyin, pinyin_short, order_no, continent_id) values('147', '摩洛哥', 'Morocco', 'MAR', 'moluoge', 'mlg', 147, '5');
insert into us_country_region(id, name, english_name, code, pinyin, pinyin_short, order_no, continent_id) values('148', '摩纳哥', 'Monaco', 'MCO', 'monage', 'mng', 148, '2');
insert into us_country_region(id, name, english_name, code, pinyin, pinyin_short, order_no, continent_id) values('149', '莫桑比克', 'Mozambique', 'MOZ', 'mosangbike', 'msbk', 149, '5');
insert into us_country_region(id, name, english_name, code, pinyin, pinyin_short, order_no, continent_id) values('150', '墨西哥', 'Mexico', 'MEX', 'moxige', 'mxg', 150, '3');
insert into us_country_region(id, name, english_name, code, pinyin, pinyin_short, order_no, continent_id) values('151', '纳米比亚', 'Namibia', 'NAM', 'namibiya', 'nmby', 151, '5');
insert into us_country_region(id, name, english_name, code, pinyin, pinyin_short, order_no, continent_id) values('152', '南非', 'South Africa', 'ZAF', 'nanfei', 'nf', 152, '5');
insert into us_country_region(id, name, english_name, code, pinyin, pinyin_short, order_no, continent_id) values('153', '南极洲', 'Antarctica', 'ATA', 'nanjizhou', 'njz', 153, '7');
insert into us_country_region(id, name, english_name, code, pinyin, pinyin_short, order_no, continent_id) values('154', '南乔治亚和南桑德威奇群岛', 'South Georgia and South Sandwich Islands', 'SGS', 'nanqiaozhiyahenansangdeweiqiqundao', 'nqzyhnsdwqqd', 154, '4');
insert into us_country_region(id, name, english_name, code, pinyin, pinyin_short, order_no, continent_id) values('155', '瑙鲁', 'Nauru', 'NRU', 'naolu', 'nl', 155, '6');
insert into us_country_region(id, name, english_name, code, pinyin, pinyin_short, order_no, continent_id) values('156', '尼泊尔', 'Nepal', 'NPL', 'niboer', 'nbe', 156, '1');
insert into us_country_region(id, name, english_name, code, pinyin, pinyin_short, order_no, continent_id) values('157', '尼加拉瓜', 'Nicaragua', 'NIC', 'nijialagua', 'njlg', 157, '3');
insert into us_country_region(id, name, english_name, code, pinyin, pinyin_short, order_no, continent_id) values('158', '尼日尔', 'Niger', 'NER', 'nirier', 'nre', 158, '5');
insert into us_country_region(id, name, english_name, code, pinyin, pinyin_short, order_no, continent_id) values('159', '尼日利亚', 'Nigeria', 'NGA', 'niriliya', 'nrly', 159, '5');
insert into us_country_region(id, name, english_name, code, pinyin, pinyin_short, order_no, continent_id) values('160', '纽埃', 'Niue', 'NIU', 'niuai', 'na', 160, '6');
insert into us_country_region(id, name, english_name, code, pinyin, pinyin_short, order_no, continent_id) values('161', '挪威', 'Norway', 'NOR', 'nuowei', 'nw', 161, '2');
insert into us_country_region(id, name, english_name, code, pinyin, pinyin_short, order_no, continent_id) values('162', '诺福克', 'Norfolk Island', 'NFK', 'nuofuke', 'nfk', 162, '');
insert into us_country_region(id, name, english_name, code, pinyin, pinyin_short, order_no, continent_id) values('163', '帕劳群岛', 'Palau', 'PLW', 'palaoqundao', 'plqd', 163, '6');
insert into us_country_region(id, name, english_name, code, pinyin, pinyin_short, order_no, continent_id) values('164', '皮特凯恩', 'Pitcairn Islands', 'PCN', 'pitekaien', 'ptke', 164, '6');
insert into us_country_region(id, name, english_name, code, pinyin, pinyin_short, order_no, continent_id) values('165', '葡萄牙', 'Portugal', 'PRT', 'putaoya', 'pty', 165, '2');
insert into us_country_region(id, name, english_name, code, pinyin, pinyin_short, order_no, continent_id) values('166', '乔治亚(格鲁吉亚)', 'Georgia', 'GEO', 'qiaozhiya', 'qzy', 166, '1');
insert into us_country_region(id, name, english_name, code, pinyin, pinyin_short, order_no, continent_id) values('167', '日本', 'Japan', 'JPN', 'riben', 'rb', 167, '1');
insert into us_country_region(id, name, english_name, code, pinyin, pinyin_short, order_no, continent_id) values('168', '瑞典', 'Sweden', 'SWE', 'ruidian', 'rd', 168, '2');
insert into us_country_region(id, name, english_name, code, pinyin, pinyin_short, order_no, continent_id) values('169', '瑞士', 'Switzerland', 'CHE', 'ruishi', 'rs', 169, '2');
insert into us_country_region(id, name, english_name, code, pinyin, pinyin_short, order_no, continent_id) values('170', '萨尔瓦多', 'El Salvador', 'SLV', 'saerwaduo', 'sewd', 170, '3');
insert into us_country_region(id, name, english_name, code, pinyin, pinyin_short, order_no, continent_id) values('171', '萨摩亚', 'Samoa', 'WSM', 'samoya', 'smy', 171, '6');
insert into us_country_region(id, name, english_name, code, pinyin, pinyin_short, order_no, continent_id) values('172', '塞尔维亚,黑山', 'Serbia,Montenegro', 'SCG', 'saierweiya,heishan', 'sewy,hs', 172, '2');
insert into us_country_region(id, name, english_name, code, pinyin, pinyin_short, order_no, continent_id) values('173', '塞拉利昂', 'Sierra Leone', 'SLE', 'sailaliang', 'slla', 173, '5');
insert into us_country_region(id, name, english_name, code, pinyin, pinyin_short, order_no, continent_id) values('174', '塞内加尔', 'Senegal', 'SEN', 'saineijiaer', 'snje', 174, '5');
insert into us_country_region(id, name, english_name, code, pinyin, pinyin_short, order_no, continent_id) values('175', '塞浦路斯', 'Cyprus', 'CYP', 'saipulusi', 'spls', 175, '2');
insert into us_country_region(id, name, english_name, code, pinyin, pinyin_short, order_no, continent_id) values('176', '塞舌尔', 'Seychelles', 'SYC', 'saisheer', 'sse', 176, '5');
insert into us_country_region(id, name, english_name, code, pinyin, pinyin_short, order_no, continent_id) values('177', '沙特阿拉伯', 'Saudi Arabia', 'SAU', 'shatealabo', 'stalb', 177, '1');
insert into us_country_region(id, name, english_name, code, pinyin, pinyin_short, order_no, continent_id) values('178', '圣诞岛', 'Christmas Island', 'CXR', 'shengdandao', 'sdd', 178, '6');
insert into us_country_region(id, name, english_name, code, pinyin, pinyin_short, order_no, continent_id) values('179', '圣多美和普林西比', 'Sao Tome and Principe', 'STP', 'shengduomeihepulinxibi', 'sdmhplxb', 179, '5');
insert into us_country_region(id, name, english_name, code, pinyin, pinyin_short, order_no, continent_id) values('180', '圣赫勒拿', 'St.Helena', 'SHN', 'shenghelena', 'shln', 180, '5');
insert into us_country_region(id, name, english_name, code, pinyin, pinyin_short, order_no, continent_id) values('181', '圣基茨和尼维斯', 'St.Kitts and Nevis', 'KNA', 'shengjiciheniweisi', 'sjchnws', 181, '3');
insert into us_country_region(id, name, english_name, code, pinyin, pinyin_short, order_no, continent_id) values('182', '圣卢西亚', 'St.Lucia', 'LCA', 'shengluxiya', 'slxy', 182, '3');
insert into us_country_region(id, name, english_name, code, pinyin, pinyin_short, order_no, continent_id) values('183', '圣马力诺', 'San Marino', 'SMR', 'shengmalinuo', 'smln', 183, '2');
insert into us_country_region(id, name, english_name, code, pinyin, pinyin_short, order_no, continent_id) values('184', '圣皮埃尔和米克隆群岛', 'St.Pierre and Miquelon', 'SPM', 'shengpiaierhemikelongqundao', 'spaehmklqd', 184, '3');
insert into us_country_region(id, name, english_name, code, pinyin, pinyin_short, order_no, continent_id) values('185', '圣文森特和格林纳丁斯', 'St.Vincent and the Grenadines', 'VCT', 'shengwensentehegelinnadingsi', 'swsthglnds', 185, '3');
insert into us_country_region(id, name, english_name, code, pinyin, pinyin_short, order_no, continent_id) values('186', '斯里兰卡', 'Sri Lanka', 'LKA', 'sililanka', 'sllk', 186, '1');
insert into us_country_region(id, name, english_name, code, pinyin, pinyin_short, order_no, continent_id) values('187', '斯洛伐克', 'Slovakia', 'SVK', 'siluofake', 'slfk', 187, '2');
insert into us_country_region(id, name, english_name, code, pinyin, pinyin_short, order_no, continent_id) values('188', '斯洛文尼亚', 'Slovenia', 'SVN', 'siluowenniya', 'slwny', 188, '2');
insert into us_country_region(id, name, english_name, code, pinyin, pinyin_short, order_no, continent_id) values('189', '斯瓦尔巴和扬马廷', 'Svalbard and Jan Mayen', 'SJM', 'siwaerbaheyangmating', 'swebhymt', 189, '2');
insert into us_country_region(id, name, english_name, code, pinyin, pinyin_short, order_no, continent_id) values('190', '斯威士兰', 'Swaziland', 'SWZ', 'siweishilan', 'swsl', 190, '5');
insert into us_country_region(id, name, english_name, code, pinyin, pinyin_short, order_no, continent_id) values('191', '突尼斯', 'Sudan', 'SDN', 'sudan', 'sd', 191, '5');
insert into us_country_region(id, name, english_name, code, pinyin, pinyin_short, order_no, continent_id) values('192', '苏里南', 'Suriname', 'SUR', 'sulinan', 'sln', 192, '4');
insert into us_country_region(id, name, english_name, code, pinyin, pinyin_short, order_no, continent_id) values('193', '所罗门群岛', 'Solomon Islands', 'SLB', 'suoluomenqundao', 'slmqd', 193, '6');
insert into us_country_region(id, name, english_name, code, pinyin, pinyin_short, order_no, continent_id) values('194', '索马里', 'Somalia', 'SOM', 'suomali', 'sml', 194, '5');
insert into us_country_region(id, name, english_name, code, pinyin, pinyin_short, order_no, continent_id) values('195', '塔吉克斯坦', 'Tajikistan', 'TJK', 'tajikesitan', 'tjkst', 195, '1');
insert into us_country_region(id, name, english_name, code, pinyin, pinyin_short, order_no, continent_id) values('196', '泰国', 'Thailand', 'THA', 'taiguo', 'tg', 196, '1');
insert into us_country_region(id, name, english_name, code, pinyin, pinyin_short, order_no, continent_id) values('197', '坦桑尼亚', 'Tanzania', 'TZA', 'tansangniya', 'tsny', 197, '5');
insert into us_country_region(id, name, english_name, code, pinyin, pinyin_short, order_no, continent_id) values('198', '汤加', 'Tonga', 'TON', 'tangjia', 'tj', 198, '6');
insert into us_country_region(id, name, english_name, code, pinyin, pinyin_short, order_no, continent_id) values('199', '特克斯和凯克特斯群岛', 'Turks and Caicos Islands', 'TCA', 'tekesihekaiketesiqundao', 'tkshkktsqd', 199, '3');
insert into us_country_region(id, name, english_name, code, pinyin, pinyin_short, order_no, continent_id) values('200', '特里斯坦达昆哈', 'Tristan da Cunha', 'TAA', 'telisitandakunha', 'tlstdkh', 200, '3');
insert into us_country_region(id, name, english_name, code, pinyin, pinyin_short, order_no, continent_id) values('201', '特立尼达和多巴哥', 'Trinidad and Tobago', 'TTO', 'telinidaheduobage', 'tlndhdbg', 201, '3');
insert into us_country_region(id, name, english_name, code, pinyin, pinyin_short, order_no, continent_id) values('202', '突尼斯', 'Tunisia', 'TUN', 'tunisi', 'tns', 202, '5');
insert into us_country_region(id, name, english_name, code, pinyin, pinyin_short, order_no, continent_id) values('203', '图瓦卢', 'Tuvalu', 'TUV', 'tuwalu', 'twl', 203, '6');
insert into us_country_region(id, name, english_name, code, pinyin, pinyin_short, order_no, continent_id) values('204', '土耳其', 'Turkey', 'TUR', 'tuerqi', 'teq', 204, '1');
insert into us_country_region(id, name, english_name, code, pinyin, pinyin_short, order_no, continent_id) values('205', '土库曼斯坦', 'Turkmenistan', 'TKM', 'tukumansitan', 'tkmst', 205, '1');
insert into us_country_region(id, name, english_name, code, pinyin, pinyin_short, order_no, continent_id) values('206', '托克劳', 'Tokelau', 'TKL', 'tuokelao', 'tkl', 206, '');
insert into us_country_region(id, name, english_name, code, pinyin, pinyin_short, order_no, continent_id) values('207', '瓦利斯和福图纳', 'Wallis and Futuna', 'WLF', 'walisihefutuna', 'wlshftn', 207, '6');
insert into us_country_region(id, name, english_name, code, pinyin, pinyin_short, order_no, continent_id) values('208', '瓦努阿图', 'Vanuatu', 'VUT', 'wanuatu', 'wnat', 208, '6');
insert into us_country_region(id, name, english_name, code, pinyin, pinyin_short, order_no, continent_id) values('209', '危地马拉', 'Guatemala', 'GTM', 'weidimala', 'wdml', 209, '3');
insert into us_country_region(id, name, english_name, code, pinyin, pinyin_short, order_no, continent_id) values('210', '维尔京群岛，美属', 'Virgin Islands', 'VIR', 'weierjingqundaodaomeishu', 'wejqddms', 210, '3');
insert into us_country_region(id, name, english_name, code, pinyin, pinyin_short, order_no, continent_id) values('211', '维尔京群岛，英属', 'Virgin Islands,British', 'VGB', 'weierjingqundaodaoyingshu', 'wejqddys', 211, '3');
insert into us_country_region(id, name, english_name, code, pinyin, pinyin_short, order_no, continent_id) values('212', '委内瑞拉', 'Venezuela', 'VEN', 'weineiruila', 'wnrl', 212, '4');
insert into us_country_region(id, name, english_name, code, pinyin, pinyin_short, order_no, continent_id) values('213', '文莱', 'Brunei', 'BRN', 'wenlai', 'wl', 213, '1');
insert into us_country_region(id, name, english_name, code, pinyin, pinyin_short, order_no, continent_id) values('214', '乌干达', 'Uganda', 'UGA', 'wuganda', 'wgd', 214, '5');
insert into us_country_region(id, name, english_name, code, pinyin, pinyin_short, order_no, continent_id) values('215', '乌克兰', 'Ukraine', 'UKR', 'wukelan', 'wkl', 215, '2');
insert into us_country_region(id, name, english_name, code, pinyin, pinyin_short, order_no, continent_id) values('216', '乌拉圭', 'Uruguay', 'URY', 'wulagui', 'wlg', 216, '4');
insert into us_country_region(id, name, english_name, code, pinyin, pinyin_short, order_no, continent_id) values('217', '乌兹别克斯坦', 'Uzbekistan', 'UZB', 'wuzibiekesitan', 'wzbkst', 217, '1');
insert into us_country_region(id, name, english_name, code, pinyin, pinyin_short, order_no, continent_id) values('218', '西班牙', 'Spain', 'ESP', 'xibanya', 'xby', 218, '2');
insert into us_country_region(id, name, english_name, code, pinyin, pinyin_short, order_no, continent_id) values('219', '希腊', 'Greece', 'GRC', 'xila', 'xl', 219, '2');
insert into us_country_region(id, name, english_name, code, pinyin, pinyin_short, order_no, continent_id) values('220', '新加坡', 'Singapore', 'SGP', 'xinjiapo', 'xjp', 220, '1');
insert into us_country_region(id, name, english_name, code, pinyin, pinyin_short, order_no, continent_id) values('221', '新喀里多尼亚', 'New Caledonia', 'NCL', 'xinkaliduoniya', 'xkldny', 221, '6');
insert into us_country_region(id, name, english_name, code, pinyin, pinyin_short, order_no, continent_id) values('222', '新西兰', 'New Zealand', 'NZL', 'xinxilan', 'xxl', 222, '6');
insert into us_country_region(id, name, english_name, code, pinyin, pinyin_short, order_no, continent_id) values('223', '匈牙利', 'Hungary', 'HUN', 'xiongyali', 'xyl', 223, '2');
insert into us_country_region(id, name, english_name, code, pinyin, pinyin_short, order_no, continent_id) values('224', '叙利亚', 'Syria', 'SYR', 'xuliya', 'xly', 224, '1');
insert into us_country_region(id, name, english_name, code, pinyin, pinyin_short, order_no, continent_id) values('225', '牙买加', 'Jamaica', 'JAM', 'yamaijia', 'ymj', 225, '3');
insert into us_country_region(id, name, english_name, code, pinyin, pinyin_short, order_no, continent_id) values('226', '亚美尼亚', 'Armenia', 'ARM', 'yameiniya', 'ymny', 226, '1');
insert into us_country_region(id, name, english_name, code, pinyin, pinyin_short, order_no, continent_id) values('227', '也门', 'Yemen', 'YEM', 'yemen', 'ym', 227, '1');
insert into us_country_region(id, name, english_name, code, pinyin, pinyin_short, order_no, continent_id) values('228', '伊拉克', 'Iraq', 'IRQ', 'yilake', 'ylk', 228, '1');
insert into us_country_region(id, name, english_name, code, pinyin, pinyin_short, order_no, continent_id) values('229', '伊朗', 'Iran', 'IRN', 'yilang', 'yl', 229, '1');
insert into us_country_region(id, name, english_name, code, pinyin, pinyin_short, order_no, continent_id) values('230', '以色列', 'Israel', 'ISR', 'yiselie', 'ysl', 230, '1');
insert into us_country_region(id, name, english_name, code, pinyin, pinyin_short, order_no, continent_id) values('231', '意大利', 'Italy', 'ITA', 'yidali', 'ydl', 231, '2');
insert into us_country_region(id, name, english_name, code, pinyin, pinyin_short, order_no, continent_id) values('232', '印度', 'India', 'IND', 'yindu', 'yd', 232, '1');
insert into us_country_region(id, name, english_name, code, pinyin, pinyin_short, order_no, continent_id) values('233', '印度尼西亚', 'Indonesia', 'IDN', 'yindunixiya', 'ydnxy', 233, '1');
insert into us_country_region(id, name, english_name, code, pinyin, pinyin_short, order_no, continent_id) values('234', '英国', 'United Kingdom', 'GBR', 'yingguo', 'yg', 234, '2');
insert into us_country_region(id, name, english_name, code, pinyin, pinyin_short, order_no, continent_id) values('235', '英属印度洋领地', 'British Indian Ocean Territory', 'IOT', 'yingshuyinduyanglingdi', 'ysydyld', 235, '1');
insert into us_country_region(id, name, english_name, code, pinyin, pinyin_short, order_no, continent_id) values('236', '约旦', 'Jordan', 'JOR', 'yuedan', 'yd', 236, '1');
insert into us_country_region(id, name, english_name, code, pinyin, pinyin_short, order_no, continent_id) values('237', '越南', 'Vietnam', 'VNM', 'yuenan', 'yn', 237, '1');
insert into us_country_region(id, name, english_name, code, pinyin, pinyin_short, order_no, continent_id) values('238', '赞比亚', 'Zambia', 'ZMB', 'zanbiya', 'zby', 238, '5');
insert into us_country_region(id, name, english_name, code, pinyin, pinyin_short, order_no, continent_id) values('239', '泽西岛', 'Jersey', 'JEY', 'zexidao', 'zxd', 239, '2');
insert into us_country_region(id, name, english_name, code, pinyin, pinyin_short, order_no, continent_id) values('240', '乍得', 'Chad', 'TCD', 'zhade', 'zd', 240, '5');
insert into us_country_region(id, name, english_name, code, pinyin, pinyin_short, order_no, continent_id) values('241', '直布罗陀', 'Gibraltar', 'GIB', 'zhibuluotuo', 'zblt', 241, '2');
insert into us_country_region(id, name, english_name, code, pinyin, pinyin_short, order_no, continent_id) values('242', '智利', 'Chile', 'CHL', 'zhili', 'zl', 242, '4');
insert into us_country_region(id, name, english_name, code, pinyin, pinyin_short, order_no, continent_id) values('243', '中非共和国', 'Central African Republic', 'CAF', 'zhongfeigongheguo', 'zfghg', 243, '5');

-- 31个省
insert into us_province(id, country_region_id, name, english_name, code, area_code, pinyin, pinyin_short, order_no) values('01', '001', '北京市', 'BeiJing', '11', '', 'beijingshi', 'bjs', 1);
insert into us_province(id, country_region_id, name, english_name, code, area_code, pinyin, pinyin_short, order_no) values('02', '001', '天津市', 'TianJin', '12', '', 'tianjinshi', 'tjs', 2);
insert into us_province(id, country_region_id, name, english_name, code, area_code, pinyin, pinyin_short, order_no) values('03', '001', '河北省', 'HeBei', '13', '', 'hebeisheng', 'hbs', 3);
insert into us_province(id, country_region_id, name, english_name, code, area_code, pinyin, pinyin_short, order_no) values('04', '001', '山西省', 'ShanXi', '14', '', 'shanxisheng', 'sxs', 4);
insert into us_province(id, country_region_id, name, english_name, code, area_code, pinyin, pinyin_short, order_no) values('05', '001', '内蒙古自治区', 'NeiMengGuZiZhi', '15', '', 'neimengguzizhiqu', 'nmgzzq', 5);
insert into us_province(id, country_region_id, name, english_name, code, area_code, pinyin, pinyin_short, order_no) values('06', '001', '辽宁省', 'LiaoNing', '21', '', 'liaoningsheng', 'lns', 6);
insert into us_province(id, country_region_id, name, english_name, code, area_code, pinyin, pinyin_short, order_no) values('07', '001', '吉林省', 'JiLin', '22', '', 'jilinsheng', 'jls', 7);
insert into us_province(id, country_region_id, name, english_name, code, area_code, pinyin, pinyin_short, order_no) values('08', '001', '黑龙江省', 'HeiLongJiang', '23', '', 'heilongjiangsheng', 'hljs', 8);
insert into us_province(id, country_region_id, name, english_name, code, area_code, pinyin, pinyin_short, order_no) values('09', '001', '上海市', 'ShangHai', '31', '', 'shanghaishi', 'shs', 9);
insert into us_province(id, country_region_id, name, english_name, code, area_code, pinyin, pinyin_short, order_no) values('10', '001', '江苏省', 'JiangSu', '32', '', 'jiangsusheng', 'jss', 10);
insert into us_province(id, country_region_id, name, english_name, code, area_code, pinyin, pinyin_short, order_no) values('11', '001', '浙江省', 'ZheJiang', '33', '', 'zhejiangsheng', 'zjs', 11);
insert into us_province(id, country_region_id, name, english_name, code, area_code, pinyin, pinyin_short, order_no) values('12', '001', '安徽省', 'AnHui', '34', '', 'anhuisheng', 'ahs', 12);
insert into us_province(id, country_region_id, name, english_name, code, area_code, pinyin, pinyin_short, order_no) values('13', '001', '福建省', 'FuJian', '35', '', 'fujiansheng', 'fjs', 13);
insert into us_province(id, country_region_id, name, english_name, code, area_code, pinyin, pinyin_short, order_no) values('14', '001', '江西省', 'JiangXi', '36', '', 'jiangxisheng', 'jxs', 14);
insert into us_province(id, country_region_id, name, english_name, code, area_code, pinyin, pinyin_short, order_no) values('15', '001', '山东省', 'ShanDong', '37', '', 'shandongsheng', 'sds', 15);
insert into us_province(id, country_region_id, name, english_name, code, area_code, pinyin, pinyin_short, order_no) values('16', '001', '河南省', 'HeNan', '41', '', 'henansheng', 'hns', 16);
insert into us_province(id, country_region_id, name, english_name, code, area_code, pinyin, pinyin_short, order_no) values('17', '001', '湖北省', 'HuBei', '42', '', 'hubeisheng', 'hbs', 17);
insert into us_province(id, country_region_id, name, english_name, code, area_code, pinyin, pinyin_short, order_no) values('18', '001', '湖南省', 'HuNan', '43', '', 'hunansheng', 'hns', 18);
insert into us_province(id, country_region_id, name, english_name, code, area_code, pinyin, pinyin_short, order_no) values('19', '001', '广东省', 'GuangDong', '44', '', 'guangdongsheng', 'gds', 19);
insert into us_province(id, country_region_id, name, english_name, code, area_code, pinyin, pinyin_short, order_no) values('20', '001', '广西壮族自治区', 'GuangXiZhuangZuZiZhi', '45', '', 'guangxizhuangzuzizhiqu', 'gxzzzzq', 20);
insert into us_province(id, country_region_id, name, english_name, code, area_code, pinyin, pinyin_short, order_no) values('21', '001', '海南省', 'HaiNan', '46', '', 'hainansheng', 'hns', 21);
insert into us_province(id, country_region_id, name, english_name, code, area_code, pinyin, pinyin_short, order_no) values('22', '001', '重庆市', 'ZhongQing', '50', '', 'zhongqingshi', 'zqs', 22);
insert into us_province(id, country_region_id, name, english_name, code, area_code, pinyin, pinyin_short, order_no) values('23', '001', '四川省', 'SiChuan', '51', '', 'sichuansheng', 'scs', 23);
insert into us_province(id, country_region_id, name, english_name, code, area_code, pinyin, pinyin_short, order_no) values('24', '001', '贵州省', 'GuiZhou', '52', '', 'guizhousheng', 'gzs', 24);
insert into us_province(id, country_region_id, name, english_name, code, area_code, pinyin, pinyin_short, order_no) values('25', '001', '云南省', 'YunNan', '53', '', 'yunnansheng', 'yns', 25);
insert into us_province(id, country_region_id, name, english_name, code, area_code, pinyin, pinyin_short, order_no) values('26', '001', '西藏自治区', 'XiZangZiZhi', '54', '', 'xizangzizhiqu', 'xzzzq', 26);
insert into us_province(id, country_region_id, name, english_name, code, area_code, pinyin, pinyin_short, order_no) values('27', '001', '陕西省', 'ShanXi', '61', '', 'shanxisheng', 'sxs', 27);
insert into us_province(id, country_region_id, name, english_name, code, area_code, pinyin, pinyin_short, order_no) values('28', '001', '甘肃省', 'GanSu', '62', '', 'gansusheng', 'gss', 28);
insert into us_province(id, country_region_id, name, english_name, code, area_code, pinyin, pinyin_short, order_no) values('29', '001', '青海省', 'QingHai', '63', '', 'qinghaisheng', 'qhs', 29);
insert into us_province(id, country_region_id, name, english_name, code, area_code, pinyin, pinyin_short, order_no) values('30', '001', '宁夏回族自治区', 'NingXiaHuiZuZiZhi', '64', '', 'ningxiahuizuzizhiqu', 'nxhzzzq', 30);
insert into us_province(id, country_region_id, name, english_name, code, area_code, pinyin, pinyin_short, order_no) values('31', '001', '新疆维吾尔自治区', 'XinJiangWeiWuErZiZhi', '65', '', 'xinjiangweiwuerzizhiqu', 'xjwwezzq', 31);

-- 413个市和区
insert into us_city(id, province_id, name, english_name, code, area_code, pinyin, pinyin_short, order_no) values('001', '01', '东城区', 'DongCheng', '110101', '', 'dongchengqu', 'dcq', 1);
insert into us_city(id, province_id, name, english_name, code, area_code, pinyin, pinyin_short, order_no) values('002', '01', '西城区', 'XiCheng', '110102', '', 'xichengqu', 'xcq', 2);
insert into us_city(id, province_id, name, english_name, code, area_code, pinyin, pinyin_short, order_no) values('003', '01', '朝阳区', 'ChaoYang', '110105', '', 'chaoyangqu', 'cyq', 3);
insert into us_city(id, province_id, name, english_name, code, area_code, pinyin, pinyin_short, order_no) values('004', '01', '丰台区', 'FengTai', '110106', '', 'fengtaiqu', 'ftq', 4);
insert into us_city(id, province_id, name, english_name, code, area_code, pinyin, pinyin_short, order_no) values('005', '01', '石景山区', 'ShiJingShan', '110107', '', 'shijingshanqu', 'sjsq', 5);
insert into us_city(id, province_id, name, english_name, code, area_code, pinyin, pinyin_short, order_no) values('006', '01', '海淀区', 'HaiDian', '110108', '', 'haidianqu', 'hdq', 6);
insert into us_city(id, province_id, name, english_name, code, area_code, pinyin, pinyin_short, order_no) values('007', '01', '门头沟区', 'MenTouGou', '110109', '', 'mentougouqu', 'mtgq', 7);
insert into us_city(id, province_id, name, english_name, code, area_code, pinyin, pinyin_short, order_no) values('008', '01', '房山区', 'FangShan', '110111', '', 'fangshanqu', 'fsq', 8);
insert into us_city(id, province_id, name, english_name, code, area_code, pinyin, pinyin_short, order_no) values('009', '01', '通州区', 'TongZhou', '110112', '', 'tongzhouqu', 'tzq', 9);
insert into us_city(id, province_id, name, english_name, code, area_code, pinyin, pinyin_short, order_no) values('010', '01', '顺义区', 'ShunYi', '110113', '', 'shunyiqu', 'syq', 10);
insert into us_city(id, province_id, name, english_name, code, area_code, pinyin, pinyin_short, order_no) values('011', '01', '昌平区', 'ChangPing', '110114', '', 'changpingqu', 'cpq', 11);
insert into us_city(id, province_id, name, english_name, code, area_code, pinyin, pinyin_short, order_no) values('012', '01', '大兴区', 'DaXing', '110115', '', 'daxingqu', 'dxq', 12);
insert into us_city(id, province_id, name, english_name, code, area_code, pinyin, pinyin_short, order_no) values('013', '01', '怀柔区', 'HuaiRou', '110116', '', 'huairouqu', 'hrq', 13);
insert into us_city(id, province_id, name, english_name, code, area_code, pinyin, pinyin_short, order_no) values('014', '01', '平谷区', 'PingGu', '110117', '', 'pingguqu', 'pgq', 14);
insert into us_city(id, province_id, name, english_name, code, area_code, pinyin, pinyin_short, order_no) values('015', '01', '密云区', 'MiYun', '110118', '', 'miyunqu', 'myq', 15);
insert into us_city(id, province_id, name, english_name, code, area_code, pinyin, pinyin_short, order_no) values('016', '01', '延庆区', 'YanQing', '110119', '', 'yanqingqu', 'yqq', 16);
insert into us_city(id, province_id, name, english_name, code, area_code, pinyin, pinyin_short, order_no) values('017', '02', '和平区', 'HePing', '120101', '', 'hepingqu', 'hpq', 17);
insert into us_city(id, province_id, name, english_name, code, area_code, pinyin, pinyin_short, order_no) values('018', '02', '河东区', 'HeDong', '120102', '', 'hedongqu', 'hdq', 18);
insert into us_city(id, province_id, name, english_name, code, area_code, pinyin, pinyin_short, order_no) values('019', '02', '河西区', 'HeXi', '120103', '', 'hexiqu', 'hxq', 19);
insert into us_city(id, province_id, name, english_name, code, area_code, pinyin, pinyin_short, order_no) values('020', '02', '南开区', 'NanKai', '120104', '', 'nankaiqu', 'nkq', 20);
insert into us_city(id, province_id, name, english_name, code, area_code, pinyin, pinyin_short, order_no) values('021', '02', '河北区', 'HeBei', '120105', '', 'hebeiqu', 'hbq', 21);
insert into us_city(id, province_id, name, english_name, code, area_code, pinyin, pinyin_short, order_no) values('022', '02', '红桥区', 'HongQiao', '120106', '', 'hongqiaoqu', 'hqq', 22);
insert into us_city(id, province_id, name, english_name, code, area_code, pinyin, pinyin_short, order_no) values('023', '02', '东丽区', 'DongLi', '120110', '', 'dongliqu', 'dlq', 23);
insert into us_city(id, province_id, name, english_name, code, area_code, pinyin, pinyin_short, order_no) values('024', '02', '西青区', 'XiQing', '120111', '', 'xiqingqu', 'xqq', 24);
insert into us_city(id, province_id, name, english_name, code, area_code, pinyin, pinyin_short, order_no) values('025', '02', '津南区', 'JinNan', '120112', '', 'jinnanqu', 'jnq', 25);
insert into us_city(id, province_id, name, english_name, code, area_code, pinyin, pinyin_short, order_no) values('026', '02', '北辰区', 'BeiChen', '120113', '', 'beichenqu', 'bcq', 26);
insert into us_city(id, province_id, name, english_name, code, area_code, pinyin, pinyin_short, order_no) values('027', '02', '武清区', 'WuQing', '120114', '', 'wuqingqu', 'wqq', 27);
insert into us_city(id, province_id, name, english_name, code, area_code, pinyin, pinyin_short, order_no) values('028', '02', '宝坻区', 'BaoChi', '120115', '', 'baochiqu', 'bcq', 28);
insert into us_city(id, province_id, name, english_name, code, area_code, pinyin, pinyin_short, order_no) values('029', '02', '滨海新区', 'BinHaiXin', '120116', '', 'binhaixinqu', 'bhxq', 29);
insert into us_city(id, province_id, name, english_name, code, area_code, pinyin, pinyin_short, order_no) values('030', '02', '宁河区', 'NingHe', '120117', '', 'ninghequ', 'nhq', 30);
insert into us_city(id, province_id, name, english_name, code, area_code, pinyin, pinyin_short, order_no) values('031', '02', '静海区', 'JingHai', '120118', '', 'jinghaiqu', 'jhq', 31);
insert into us_city(id, province_id, name, english_name, code, area_code, pinyin, pinyin_short, order_no) values('032', '02', '蓟州区', 'JiZhou', '120119', '', 'jizhouqu', 'jzq', 32);
insert into us_city(id, province_id, name, english_name, code, area_code, pinyin, pinyin_short, order_no) values('033', '03', '石家庄市', 'ShiJiaZhuang', '1301', '', 'shijiazhuangshi', 'sjzs', 33);
insert into us_city(id, province_id, name, english_name, code, area_code, pinyin, pinyin_short, order_no) values('034', '03', '唐山市', 'TangShan', '1302', '', 'tangshanshi', 'tss', 34);
insert into us_city(id, province_id, name, english_name, code, area_code, pinyin, pinyin_short, order_no) values('035', '03', '秦皇岛市', 'QinHuangDao', '1303', '', 'qinhuangdaoshi', 'qhds', 35);
insert into us_city(id, province_id, name, english_name, code, area_code, pinyin, pinyin_short, order_no) values('036', '03', '邯郸市', 'HanDan', '1304', '', 'handanshi', 'hds', 36);
insert into us_city(id, province_id, name, english_name, code, area_code, pinyin, pinyin_short, order_no) values('037', '03', '邢台市', 'XingTai', '1305', '', 'xingtaishi', 'xts', 37);
insert into us_city(id, province_id, name, english_name, code, area_code, pinyin, pinyin_short, order_no) values('038', '03', '保定市', 'BaoDing', '1306', '', 'baodingshi', 'bds', 38);
insert into us_city(id, province_id, name, english_name, code, area_code, pinyin, pinyin_short, order_no) values('039', '03', '张家口市', 'ZhangJiaKou', '1307', '', 'zhangjiakoushi', 'zjks', 39);
insert into us_city(id, province_id, name, english_name, code, area_code, pinyin, pinyin_short, order_no) values('040', '03', '承德市', 'ChengDe', '1308', '', 'chengdeshi', 'cds', 40);
insert into us_city(id, province_id, name, english_name, code, area_code, pinyin, pinyin_short, order_no) values('041', '03', '沧州市', 'CangZhou', '1309', '', 'cangzhoushi', 'czs', 41);
insert into us_city(id, province_id, name, english_name, code, area_code, pinyin, pinyin_short, order_no) values('042', '03', '廊坊市', 'LangFang', '1310', '', 'langfangshi', 'lfs', 42);
insert into us_city(id, province_id, name, english_name, code, area_code, pinyin, pinyin_short, order_no) values('043', '03', '衡水市', 'HengShui', '1311', '', 'hengshuishi', 'hss', 43);
insert into us_city(id, province_id, name, english_name, code, area_code, pinyin, pinyin_short, order_no) values('044', '04', '太原市', 'TaiYuan', '1401', '', 'taiyuanshi', 'tys', 44);
insert into us_city(id, province_id, name, english_name, code, area_code, pinyin, pinyin_short, order_no) values('045', '04', '大同市', 'DaTong', '1402', '', 'datongshi', 'dts', 45);
insert into us_city(id, province_id, name, english_name, code, area_code, pinyin, pinyin_short, order_no) values('046', '04', '阳泉市', 'YangQuan', '1403', '', 'yangquanshi', 'yqs', 46);
insert into us_city(id, province_id, name, english_name, code, area_code, pinyin, pinyin_short, order_no) values('047', '04', '长治市', 'ZhangZhi', '1404', '', 'zhangzhishi', 'zzs', 47);
insert into us_city(id, province_id, name, english_name, code, area_code, pinyin, pinyin_short, order_no) values('048', '04', '晋城市', 'JinCheng', '1405', '', 'jinchengshi', 'jcs', 48);
insert into us_city(id, province_id, name, english_name, code, area_code, pinyin, pinyin_short, order_no) values('049', '04', '朔州市', 'ShuoZhou', '1406', '', 'shuozhoushi', 'szs', 49);
insert into us_city(id, province_id, name, english_name, code, area_code, pinyin, pinyin_short, order_no) values('050', '04', '晋中市', 'JinZhong', '1407', '', 'jinzhongshi', 'jzs', 50);
insert into us_city(id, province_id, name, english_name, code, area_code, pinyin, pinyin_short, order_no) values('051', '04', '运城市', 'YunCheng', '1408', '', 'yunchengshi', 'ycs', 51);
insert into us_city(id, province_id, name, english_name, code, area_code, pinyin, pinyin_short, order_no) values('052', '04', '忻州市', 'XinZhou', '1409', '', 'xinzhoushi', 'xzs', 52);
insert into us_city(id, province_id, name, english_name, code, area_code, pinyin, pinyin_short, order_no) values('053', '04', '临汾市', 'LinFen', '1410', '', 'linfenshi', 'lfs', 53);
insert into us_city(id, province_id, name, english_name, code, area_code, pinyin, pinyin_short, order_no) values('054', '04', '吕梁市', 'Lu:Liang', '1411', '', 'lu:liangshi', 'lls', 54);
insert into us_city(id, province_id, name, english_name, code, area_code, pinyin, pinyin_short, order_no) values('055', '05', '呼和浩特市', 'HuHeHaoTe', '1501', '', 'huhehaoteshi', 'hhhts', 55);
insert into us_city(id, province_id, name, english_name, code, area_code, pinyin, pinyin_short, order_no) values('056', '05', '包头市', 'BaoTou', '1502', '', 'baotoushi', 'bts', 56);
insert into us_city(id, province_id, name, english_name, code, area_code, pinyin, pinyin_short, order_no) values('057', '05', '乌海市', 'WuHai', '1503', '', 'wuhaishi', 'whs', 57);
insert into us_city(id, province_id, name, english_name, code, area_code, pinyin, pinyin_short, order_no) values('058', '05', '赤峰市', 'ChiFeng', '1504', '', 'chifengshi', 'cfs', 58);
insert into us_city(id, province_id, name, english_name, code, area_code, pinyin, pinyin_short, order_no) values('059', '05', '通辽市', 'TongLiao', '1505', '', 'tongliaoshi', 'tls', 59);
insert into us_city(id, province_id, name, english_name, code, area_code, pinyin, pinyin_short, order_no) values('060', '05', '鄂尔多斯市', 'EErDuoSi', '1506', '', 'eerduosishi', 'eedss', 60);
insert into us_city(id, province_id, name, english_name, code, area_code, pinyin, pinyin_short, order_no) values('061', '05', '呼伦贝尔市', 'HuLunBeiEr', '1507', '', 'hulunbeiershi', 'hlbes', 61);
insert into us_city(id, province_id, name, english_name, code, area_code, pinyin, pinyin_short, order_no) values('062', '05', '巴彦淖尔市', 'BaYanNaoEr', '1508', '', 'bayannaoershi', 'bynes', 62);
insert into us_city(id, province_id, name, english_name, code, area_code, pinyin, pinyin_short, order_no) values('063', '05', '乌兰察布市', 'WuLanChaBu', '1509', '', 'wulanchabushi', 'wlcbs', 63);
insert into us_city(id, province_id, name, english_name, code, area_code, pinyin, pinyin_short, order_no) values('064', '05', '兴安盟', 'XingAn', '1522', '', 'xinganmeng', 'xam', 64);
insert into us_city(id, province_id, name, english_name, code, area_code, pinyin, pinyin_short, order_no) values('065', '05', '锡林郭勒盟', 'XiLinGuoLe', '1525', '', 'xilinguolemeng', 'xlglm', 65);
insert into us_city(id, province_id, name, english_name, code, area_code, pinyin, pinyin_short, order_no) values('066', '05', '阿拉善盟', 'ALaShan', '1529', '', 'alashanmeng', 'alsm', 66);
insert into us_city(id, province_id, name, english_name, code, area_code, pinyin, pinyin_short, order_no) values('067', '06', '沈阳市', 'ShenYang', '2101', '', 'shenyangshi', 'sys', 67);
insert into us_city(id, province_id, name, english_name, code, area_code, pinyin, pinyin_short, order_no) values('068', '06', '大连市', 'DaLian', '2102', '', 'dalianshi', 'dls', 68);
insert into us_city(id, province_id, name, english_name, code, area_code, pinyin, pinyin_short, order_no) values('069', '06', '鞍山市', 'AnShan', '2103', '', 'anshanshi', 'ass', 69);
insert into us_city(id, province_id, name, english_name, code, area_code, pinyin, pinyin_short, order_no) values('070', '06', '抚顺市', 'FuShun', '2104', '', 'fushunshi', 'fss', 70);
insert into us_city(id, province_id, name, english_name, code, area_code, pinyin, pinyin_short, order_no) values('071', '06', '本溪市', 'BenXi', '2105', '', 'benxishi', 'bxs', 71);
insert into us_city(id, province_id, name, english_name, code, area_code, pinyin, pinyin_short, order_no) values('072', '06', '丹东市', 'DanDong', '2106', '', 'dandongshi', 'dds', 72);
insert into us_city(id, province_id, name, english_name, code, area_code, pinyin, pinyin_short, order_no) values('073', '06', '锦州市', 'JinZhou', '2107', '', 'jinzhoushi', 'jzs', 73);
insert into us_city(id, province_id, name, english_name, code, area_code, pinyin, pinyin_short, order_no) values('074', '06', '营口市', 'YingKou', '2108', '', 'yingkoushi', 'yks', 74);
insert into us_city(id, province_id, name, english_name, code, area_code, pinyin, pinyin_short, order_no) values('075', '06', '阜新市', 'FuXin', '2109', '', 'fuxinshi', 'fxs', 75);
insert into us_city(id, province_id, name, english_name, code, area_code, pinyin, pinyin_short, order_no) values('076', '06', '辽阳市', 'LiaoYang', '2110', '', 'liaoyangshi', 'lys', 76);
insert into us_city(id, province_id, name, english_name, code, area_code, pinyin, pinyin_short, order_no) values('077', '06', '盘锦市', 'PanJin', '2111', '', 'panjinshi', 'pjs', 77);
insert into us_city(id, province_id, name, english_name, code, area_code, pinyin, pinyin_short, order_no) values('078', '06', '铁岭市', 'TieLing', '2112', '', 'tielingshi', 'tls', 78);
insert into us_city(id, province_id, name, english_name, code, area_code, pinyin, pinyin_short, order_no) values('079', '06', '朝阳市', 'ChaoYang', '2113', '', 'chaoyangshi', 'cys', 79);
insert into us_city(id, province_id, name, english_name, code, area_code, pinyin, pinyin_short, order_no) values('080', '06', '葫芦岛市', 'HuLuDao', '2114', '', 'huludaoshi', 'hlds', 80);
insert into us_city(id, province_id, name, english_name, code, area_code, pinyin, pinyin_short, order_no) values('081', '07', '长春市', 'ZhangChun', '2201', '', 'zhangchunshi', 'zcs', 81);
insert into us_city(id, province_id, name, english_name, code, area_code, pinyin, pinyin_short, order_no) values('082', '07', '吉林市', 'JiLin', '2202', '', 'jilinshi', 'jls', 82);
insert into us_city(id, province_id, name, english_name, code, area_code, pinyin, pinyin_short, order_no) values('083', '07', '四平市', 'SiPing', '2203', '', 'sipingshi', 'sps', 83);
insert into us_city(id, province_id, name, english_name, code, area_code, pinyin, pinyin_short, order_no) values('084', '07', '辽源市', 'LiaoYuan', '2204', '', 'liaoyuanshi', 'lys', 84);
insert into us_city(id, province_id, name, english_name, code, area_code, pinyin, pinyin_short, order_no) values('085', '07', '通化市', 'TongHua', '2205', '', 'tonghuashi', 'ths', 85);
insert into us_city(id, province_id, name, english_name, code, area_code, pinyin, pinyin_short, order_no) values('086', '07', '白山市', 'BaiShan', '2206', '', 'baishanshi', 'bss', 86);
insert into us_city(id, province_id, name, english_name, code, area_code, pinyin, pinyin_short, order_no) values('087', '07', '松原市', 'SongYuan', '2207', '', 'songyuanshi', 'sys', 87);
insert into us_city(id, province_id, name, english_name, code, area_code, pinyin, pinyin_short, order_no) values('088', '07', '白城市', 'BaiCheng', '2208', '', 'baichengshi', 'bcs', 88);
insert into us_city(id, province_id, name, english_name, code, area_code, pinyin, pinyin_short, order_no) values('089', '07', '延边朝鲜族自治州', 'YanBianChaoXianZuZiZhi', '2224', '', 'yanbianchaoxianzuzizhizhou', 'ybcxzzzz', 89);
insert into us_city(id, province_id, name, english_name, code, area_code, pinyin, pinyin_short, order_no) values('090', '08', '哈尔滨市', 'HaErBin', '2301', '', 'haerbinshi', 'hebs', 90);
insert into us_city(id, province_id, name, english_name, code, area_code, pinyin, pinyin_short, order_no) values('091', '08', '齐齐哈尔市', 'QiQiHaEr', '2302', '', 'qiqihaershi', 'qqhes', 91);
insert into us_city(id, province_id, name, english_name, code, area_code, pinyin, pinyin_short, order_no) values('092', '08', '鸡西市', 'JiXi', '2303', '', 'jixishi', 'jxs', 92);
insert into us_city(id, province_id, name, english_name, code, area_code, pinyin, pinyin_short, order_no) values('093', '08', '鹤岗市', 'HeGang', '2304', '', 'hegangshi', 'hgs', 93);
insert into us_city(id, province_id, name, english_name, code, area_code, pinyin, pinyin_short, order_no) values('094', '08', '双鸭山市', 'ShuangYaShan', '2305', '', 'shuangyashanshi', 'syss', 94);
insert into us_city(id, province_id, name, english_name, code, area_code, pinyin, pinyin_short, order_no) values('095', '08', '大庆市', 'DaQing', '2306', '', 'daqingshi', 'dqs', 95);
insert into us_city(id, province_id, name, english_name, code, area_code, pinyin, pinyin_short, order_no) values('096', '08', '伊春市', 'YiChun', '2307', '', 'yichunshi', 'ycs', 96);
insert into us_city(id, province_id, name, english_name, code, area_code, pinyin, pinyin_short, order_no) values('097', '08', '佳木斯市', 'JiaMuSi', '2308', '', 'jiamusishi', 'jmss', 97);
insert into us_city(id, province_id, name, english_name, code, area_code, pinyin, pinyin_short, order_no) values('098', '08', '七台河市', 'QiTaiHe', '2309', '', 'qitaiheshi', 'qths', 98);
insert into us_city(id, province_id, name, english_name, code, area_code, pinyin, pinyin_short, order_no) values('099', '08', '牡丹江市', 'MuDanJiang', '2310', '', 'mudanjiangshi', 'mdjs', 99);
insert into us_city(id, province_id, name, english_name, code, area_code, pinyin, pinyin_short, order_no) values('100', '08', '黑河市', 'HeiHe', '2311', '', 'heiheshi', 'hhs', 100);
insert into us_city(id, province_id, name, english_name, code, area_code, pinyin, pinyin_short, order_no) values('101', '08', '绥化市', 'SuiHua', '2312', '', 'suihuashi', 'shs', 101);
insert into us_city(id, province_id, name, english_name, code, area_code, pinyin, pinyin_short, order_no) values('102', '08', '大兴安岭地区', 'DaXingAnLingDi', '2327', '', 'daxinganlingdiqu', 'dxaldq', 102);
insert into us_city(id, province_id, name, english_name, code, area_code, pinyin, pinyin_short, order_no) values('103', '09', '黄浦区', 'HuangPu', '310101', '', 'huangpuqu', 'hpq', 103);
insert into us_city(id, province_id, name, english_name, code, area_code, pinyin, pinyin_short, order_no) values('104', '09', '徐汇区', 'XuHui', '310104', '', 'xuhuiqu', 'xhq', 104);
insert into us_city(id, province_id, name, english_name, code, area_code, pinyin, pinyin_short, order_no) values('105', '09', '长宁区', 'ZhangNing', '310105', '', 'zhangningqu', 'znq', 105);
insert into us_city(id, province_id, name, english_name, code, area_code, pinyin, pinyin_short, order_no) values('106', '09', '静安区', 'JingAn', '310106', '', 'jinganqu', 'jaq', 106);
insert into us_city(id, province_id, name, english_name, code, area_code, pinyin, pinyin_short, order_no) values('107', '09', '普陀区', 'PuTuo', '310107', '', 'putuoqu', 'ptq', 107);
insert into us_city(id, province_id, name, english_name, code, area_code, pinyin, pinyin_short, order_no) values('108', '09', '虹口区', 'HongKou', '310109', '', 'hongkouqu', 'hkq', 108);
insert into us_city(id, province_id, name, english_name, code, area_code, pinyin, pinyin_short, order_no) values('109', '09', '杨浦区', 'YangPu', '310110', '', 'yangpuqu', 'ypq', 109);
insert into us_city(id, province_id, name, english_name, code, area_code, pinyin, pinyin_short, order_no) values('110', '09', '闵行区', 'MinXing', '310112', '', 'minxingqu', 'mxq', 110);
insert into us_city(id, province_id, name, english_name, code, area_code, pinyin, pinyin_short, order_no) values('111', '09', '宝山区', 'BaoShan', '310113', '', 'baoshanqu', 'bsq', 111);
insert into us_city(id, province_id, name, english_name, code, area_code, pinyin, pinyin_short, order_no) values('112', '09', '嘉定区', 'JiaDing', '310114', '', 'jiadingqu', 'jdq', 112);
insert into us_city(id, province_id, name, english_name, code, area_code, pinyin, pinyin_short, order_no) values('113', '09', '浦东新区', 'PuDongXin', '310115', '', 'pudongxinqu', 'pdxq', 113);
insert into us_city(id, province_id, name, english_name, code, area_code, pinyin, pinyin_short, order_no) values('114', '09', '金山区', 'JinShan', '310116', '', 'jinshanqu', 'jsq', 114);
insert into us_city(id, province_id, name, english_name, code, area_code, pinyin, pinyin_short, order_no) values('115', '09', '松江区', 'SongJiang', '310117', '', 'songjiangqu', 'sjq', 115);
insert into us_city(id, province_id, name, english_name, code, area_code, pinyin, pinyin_short, order_no) values('116', '09', '青浦区', 'QingPu', '310118', '', 'qingpuqu', 'qpq', 116);
insert into us_city(id, province_id, name, english_name, code, area_code, pinyin, pinyin_short, order_no) values('117', '09', '奉贤区', 'FengXian', '310120', '', 'fengxianqu', 'fxq', 117);
insert into us_city(id, province_id, name, english_name, code, area_code, pinyin, pinyin_short, order_no) values('118', '09', '崇明区', 'ChongMing', '310151', '', 'chongmingqu', 'cmq', 118);
insert into us_city(id, province_id, name, english_name, code, area_code, pinyin, pinyin_short, order_no) values('119', '10', '南京市', 'NanJing', '3201', '', 'nanjingshi', 'njs', 119);
insert into us_city(id, province_id, name, english_name, code, area_code, pinyin, pinyin_short, order_no) values('120', '10', '无锡市', 'WuXi', '3202', '', 'wuxishi', 'wxs', 120);
insert into us_city(id, province_id, name, english_name, code, area_code, pinyin, pinyin_short, order_no) values('121', '10', '徐州市', 'XuZhou', '3203', '', 'xuzhoushi', 'xzs', 121);
insert into us_city(id, province_id, name, english_name, code, area_code, pinyin, pinyin_short, order_no) values('122', '10', '常州市', 'ChangZhou', '3204', '', 'changzhoushi', 'czs', 122);
insert into us_city(id, province_id, name, english_name, code, area_code, pinyin, pinyin_short, order_no) values('123', '10', '苏州市', 'SuZhou', '3205', '', 'suzhoushi', 'szs', 123);
insert into us_city(id, province_id, name, english_name, code, area_code, pinyin, pinyin_short, order_no) values('124', '10', '南通市', 'NanTong', '3206', '', 'nantongshi', 'nts', 124);
insert into us_city(id, province_id, name, english_name, code, area_code, pinyin, pinyin_short, order_no) values('125', '10', '连云港市', 'LianYunGang', '3207', '', 'lianyungangshi', 'lygs', 125);
insert into us_city(id, province_id, name, english_name, code, area_code, pinyin, pinyin_short, order_no) values('126', '10', '淮安市', 'HuaiAn', '3208', '', 'huaianshi', 'has', 126);
insert into us_city(id, province_id, name, english_name, code, area_code, pinyin, pinyin_short, order_no) values('127', '10', '盐城市', 'YanCheng', '3209', '', 'yanchengshi', 'ycs', 127);
insert into us_city(id, province_id, name, english_name, code, area_code, pinyin, pinyin_short, order_no) values('128', '10', '扬州市', 'YangZhou', '3210', '', 'yangzhoushi', 'yzs', 128);
insert into us_city(id, province_id, name, english_name, code, area_code, pinyin, pinyin_short, order_no) values('129', '10', '镇江市', 'ZhenJiang', '3211', '', 'zhenjiangshi', 'zjs', 129);
insert into us_city(id, province_id, name, english_name, code, area_code, pinyin, pinyin_short, order_no) values('130', '10', '泰州市', 'TaiZhou', '3212', '', 'taizhoushi', 'tzs', 130);
insert into us_city(id, province_id, name, english_name, code, area_code, pinyin, pinyin_short, order_no) values('131', '10', '宿迁市', 'SuQian', '3213', '', 'suqianshi', 'sqs', 131);
insert into us_city(id, province_id, name, english_name, code, area_code, pinyin, pinyin_short, order_no) values('132', '11', '杭州市', 'HangZhou', '3301', '', 'hangzhoushi', 'hzs', 132);
insert into us_city(id, province_id, name, english_name, code, area_code, pinyin, pinyin_short, order_no) values('133', '11', '宁波市', 'NingBo', '3302', '', 'ningboshi', 'nbs', 133);
insert into us_city(id, province_id, name, english_name, code, area_code, pinyin, pinyin_short, order_no) values('134', '11', '温州市', 'WenZhou', '3303', '', 'wenzhoushi', 'wzs', 134);
insert into us_city(id, province_id, name, english_name, code, area_code, pinyin, pinyin_short, order_no) values('135', '11', '嘉兴市', 'JiaXing', '3304', '', 'jiaxingshi', 'jxs', 135);
insert into us_city(id, province_id, name, english_name, code, area_code, pinyin, pinyin_short, order_no) values('136', '11', '湖州市', 'HuZhou', '3305', '', 'huzhoushi', 'hzs', 136);
insert into us_city(id, province_id, name, english_name, code, area_code, pinyin, pinyin_short, order_no) values('137', '11', '绍兴市', 'ShaoXing', '3306', '', 'shaoxingshi', 'sxs', 137);
insert into us_city(id, province_id, name, english_name, code, area_code, pinyin, pinyin_short, order_no) values('138', '11', '金华市', 'JinHua', '3307', '', 'jinhuashi', 'jhs', 138);
insert into us_city(id, province_id, name, english_name, code, area_code, pinyin, pinyin_short, order_no) values('139', '11', '衢州市', 'QuZhou', '3308', '', 'quzhoushi', 'qzs', 139);
insert into us_city(id, province_id, name, english_name, code, area_code, pinyin, pinyin_short, order_no) values('140', '11', '舟山市', 'ZhouShan', '3309', '', 'zhoushanshi', 'zss', 140);
insert into us_city(id, province_id, name, english_name, code, area_code, pinyin, pinyin_short, order_no) values('141', '11', '台州市', 'TaiZhou', '3310', '', 'taizhoushi', 'tzs', 141);
insert into us_city(id, province_id, name, english_name, code, area_code, pinyin, pinyin_short, order_no) values('142', '11', '丽水市', 'LiShui', '3311', '', 'lishuishi', 'lss', 142);
insert into us_city(id, province_id, name, english_name, code, area_code, pinyin, pinyin_short, order_no) values('143', '12', '合肥市', 'HeFei', '3401', '', 'hefeishi', 'hfs', 143);
insert into us_city(id, province_id, name, english_name, code, area_code, pinyin, pinyin_short, order_no) values('144', '12', '芜湖市', 'WuHu', '3402', '', 'wuhushi', 'whs', 144);
insert into us_city(id, province_id, name, english_name, code, area_code, pinyin, pinyin_short, order_no) values('145', '12', '蚌埠市', 'BangBu', '3403', '', 'bangbushi', 'bbs', 145);
insert into us_city(id, province_id, name, english_name, code, area_code, pinyin, pinyin_short, order_no) values('146', '12', '淮南市', 'HuaiNan', '3404', '', 'huainanshi', 'hns', 146);
insert into us_city(id, province_id, name, english_name, code, area_code, pinyin, pinyin_short, order_no) values('147', '12', '马鞍山市', 'MaAnShan', '3405', '', 'maanshanshi', 'mass', 147);
insert into us_city(id, province_id, name, english_name, code, area_code, pinyin, pinyin_short, order_no) values('148', '12', '淮北市', 'HuaiBei', '3406', '', 'huaibeishi', 'hbs', 148);
insert into us_city(id, province_id, name, english_name, code, area_code, pinyin, pinyin_short, order_no) values('149', '12', '铜陵市', 'TongLing', '3407', '', 'tonglingshi', 'tls', 149);
insert into us_city(id, province_id, name, english_name, code, area_code, pinyin, pinyin_short, order_no) values('150', '12', '安庆市', 'AnQing', '3408', '', 'anqingshi', 'aqs', 150);
insert into us_city(id, province_id, name, english_name, code, area_code, pinyin, pinyin_short, order_no) values('151', '12', '黄山市', 'HuangShan', '3410', '', 'huangshanshi', 'hss', 151);
insert into us_city(id, province_id, name, english_name, code, area_code, pinyin, pinyin_short, order_no) values('152', '12', '滁州市', 'ChuZhou', '3411', '', 'chuzhoushi', 'czs', 152);
insert into us_city(id, province_id, name, english_name, code, area_code, pinyin, pinyin_short, order_no) values('153', '12', '阜阳市', 'FuYang', '3412', '', 'fuyangshi', 'fys', 153);
insert into us_city(id, province_id, name, english_name, code, area_code, pinyin, pinyin_short, order_no) values('154', '12', '宿州市', 'SuZhou', '3413', '', 'suzhoushi', 'szs', 154);
insert into us_city(id, province_id, name, english_name, code, area_code, pinyin, pinyin_short, order_no) values('155', '12', '六安市', 'LiuAn', '3415', '', 'liuanshi', 'las', 155);
insert into us_city(id, province_id, name, english_name, code, area_code, pinyin, pinyin_short, order_no) values('156', '12', '亳州市', 'BoZhou', '3416', '', 'bozhoushi', 'bzs', 156);
insert into us_city(id, province_id, name, english_name, code, area_code, pinyin, pinyin_short, order_no) values('157', '12', '池州市', 'ChiZhou', '3417', '', 'chizhoushi', 'czs', 157);
insert into us_city(id, province_id, name, english_name, code, area_code, pinyin, pinyin_short, order_no) values('158', '12', '宣城市', 'XuanCheng', '3418', '', 'xuanchengshi', 'xcs', 158);
insert into us_city(id, province_id, name, english_name, code, area_code, pinyin, pinyin_short, order_no) values('159', '13', '福州市', 'FuZhou', '3501', '', 'fuzhoushi', 'fzs', 159);
insert into us_city(id, province_id, name, english_name, code, area_code, pinyin, pinyin_short, order_no) values('160', '13', '厦门市', 'ShaMen', '3502', '', 'shamenshi', 'sms', 160);
insert into us_city(id, province_id, name, english_name, code, area_code, pinyin, pinyin_short, order_no) values('161', '13', '莆田市', 'PuTian', '3503', '', 'putianshi', 'pts', 161);
insert into us_city(id, province_id, name, english_name, code, area_code, pinyin, pinyin_short, order_no) values('162', '13', '三明市', 'SanMing', '3504', '', 'sanmingshi', 'sms', 162);
insert into us_city(id, province_id, name, english_name, code, area_code, pinyin, pinyin_short, order_no) values('163', '13', '泉州市', 'QuanZhou', '3505', '', 'quanzhoushi', 'qzs', 163);
insert into us_city(id, province_id, name, english_name, code, area_code, pinyin, pinyin_short, order_no) values('164', '13', '漳州市', 'ZhangZhou', '3506', '', 'zhangzhoushi', 'zzs', 164);
insert into us_city(id, province_id, name, english_name, code, area_code, pinyin, pinyin_short, order_no) values('165', '13', '南平市', 'NanPing', '3507', '', 'nanpingshi', 'nps', 165);
insert into us_city(id, province_id, name, english_name, code, area_code, pinyin, pinyin_short, order_no) values('166', '13', '龙岩市', 'LongYan', '3508', '', 'longyanshi', 'lys', 166);
insert into us_city(id, province_id, name, english_name, code, area_code, pinyin, pinyin_short, order_no) values('167', '13', '宁德市', 'NingDe', '3509', '', 'ningdeshi', 'nds', 167);
insert into us_city(id, province_id, name, english_name, code, area_code, pinyin, pinyin_short, order_no) values('168', '14', '南昌市', 'NanChang', '3601', '', 'nanchangshi', 'ncs', 168);
insert into us_city(id, province_id, name, english_name, code, area_code, pinyin, pinyin_short, order_no) values('169', '14', '景德镇市', 'JingDeZhen', '3602', '', 'jingdezhenshi', 'jdzs', 169);
insert into us_city(id, province_id, name, english_name, code, area_code, pinyin, pinyin_short, order_no) values('170', '14', '萍乡市', 'PingXiang', '3603', '', 'pingxiangshi', 'pxs', 170);
insert into us_city(id, province_id, name, english_name, code, area_code, pinyin, pinyin_short, order_no) values('171', '14', '九江市', 'JiuJiang', '3604', '', 'jiujiangshi', 'jjs', 171);
insert into us_city(id, province_id, name, english_name, code, area_code, pinyin, pinyin_short, order_no) values('172', '14', '新余市', 'XinYu', '3605', '', 'xinyushi', 'xys', 172);
insert into us_city(id, province_id, name, english_name, code, area_code, pinyin, pinyin_short, order_no) values('173', '14', '鹰潭市', 'YingTan', '3606', '', 'yingtanshi', 'yts', 173);
insert into us_city(id, province_id, name, english_name, code, area_code, pinyin, pinyin_short, order_no) values('174', '14', '赣州市', 'GanZhou', '3607', '', 'ganzhoushi', 'gzs', 174);
insert into us_city(id, province_id, name, english_name, code, area_code, pinyin, pinyin_short, order_no) values('175', '14', '吉安市', 'JiAn', '3608', '', 'jianshi', 'jas', 175);
insert into us_city(id, province_id, name, english_name, code, area_code, pinyin, pinyin_short, order_no) values('176', '14', '宜春市', 'YiChun', '3609', '', 'yichunshi', 'ycs', 176);
insert into us_city(id, province_id, name, english_name, code, area_code, pinyin, pinyin_short, order_no) values('177', '14', '抚州市', 'FuZhou', '3610', '', 'fuzhoushi', 'fzs', 177);
insert into us_city(id, province_id, name, english_name, code, area_code, pinyin, pinyin_short, order_no) values('178', '14', '上饶市', 'ShangRao', '3611', '', 'shangraoshi', 'srs', 178);
insert into us_city(id, province_id, name, english_name, code, area_code, pinyin, pinyin_short, order_no) values('179', '15', '济南市', 'JiNan', '3701', '', 'jinanshi', 'jns', 179);
insert into us_city(id, province_id, name, english_name, code, area_code, pinyin, pinyin_short, order_no) values('180', '15', '青岛市', 'QingDao', '3702', '', 'qingdaoshi', 'qds', 180);
insert into us_city(id, province_id, name, english_name, code, area_code, pinyin, pinyin_short, order_no) values('181', '15', '淄博市', 'ZiBo', '3703', '', 'ziboshi', 'zbs', 181);
insert into us_city(id, province_id, name, english_name, code, area_code, pinyin, pinyin_short, order_no) values('182', '15', '枣庄市', 'ZaoZhuang', '3704', '', 'zaozhuangshi', 'zzs', 182);
insert into us_city(id, province_id, name, english_name, code, area_code, pinyin, pinyin_short, order_no) values('183', '15', '东营市', 'DongYing', '3705', '', 'dongyingshi', 'dys', 183);
insert into us_city(id, province_id, name, english_name, code, area_code, pinyin, pinyin_short, order_no) values('184', '15', '烟台市', 'YanTai', '3706', '', 'yantaishi', 'yts', 184);
insert into us_city(id, province_id, name, english_name, code, area_code, pinyin, pinyin_short, order_no) values('185', '15', '潍坊市', 'WeiFang', '3707', '', 'weifangshi', 'wfs', 185);
insert into us_city(id, province_id, name, english_name, code, area_code, pinyin, pinyin_short, order_no) values('186', '15', '济宁市', 'JiNing', '3708', '', 'jiningshi', 'jns', 186);
insert into us_city(id, province_id, name, english_name, code, area_code, pinyin, pinyin_short, order_no) values('187', '15', '泰安市', 'TaiAn', '3709', '', 'taianshi', 'tas', 187);
insert into us_city(id, province_id, name, english_name, code, area_code, pinyin, pinyin_short, order_no) values('188', '15', '威海市', 'WeiHai', '3710', '', 'weihaishi', 'whs', 188);
insert into us_city(id, province_id, name, english_name, code, area_code, pinyin, pinyin_short, order_no) values('189', '15', '日照市', 'RiZhao', '3711', '', 'rizhaoshi', 'rzs', 189);
insert into us_city(id, province_id, name, english_name, code, area_code, pinyin, pinyin_short, order_no) values('190', '15', '莱芜市', 'LaiWu', '3712', '', 'laiwushi', 'lws', 190);
insert into us_city(id, province_id, name, english_name, code, area_code, pinyin, pinyin_short, order_no) values('191', '15', '临沂市', 'LinYi', '3713', '', 'linyishi', 'lys', 191);
insert into us_city(id, province_id, name, english_name, code, area_code, pinyin, pinyin_short, order_no) values('192', '15', '德州市', 'DeZhou', '3714', '', 'dezhoushi', 'dzs', 192);
insert into us_city(id, province_id, name, english_name, code, area_code, pinyin, pinyin_short, order_no) values('193', '15', '聊城市', 'LiaoCheng', '3715', '', 'liaochengshi', 'lcs', 193);
insert into us_city(id, province_id, name, english_name, code, area_code, pinyin, pinyin_short, order_no) values('194', '15', '滨州市', 'BinZhou', '3716', '', 'binzhoushi', 'bzs', 194);
insert into us_city(id, province_id, name, english_name, code, area_code, pinyin, pinyin_short, order_no) values('195', '15', '菏泽市', 'HeZe', '3717', '', 'hezeshi', 'hzs', 195);
insert into us_city(id, province_id, name, english_name, code, area_code, pinyin, pinyin_short, order_no) values('196', '16', '郑州市', 'ZhengZhou', '4101', '', 'zhengzhoushi', 'zzs', 196);
insert into us_city(id, province_id, name, english_name, code, area_code, pinyin, pinyin_short, order_no) values('197', '16', '开封市', 'KaiFeng', '4102', '', 'kaifengshi', 'kfs', 197);
insert into us_city(id, province_id, name, english_name, code, area_code, pinyin, pinyin_short, order_no) values('198', '16', '洛阳市', 'LuoYang', '4103', '', 'luoyangshi', 'lys', 198);
insert into us_city(id, province_id, name, english_name, code, area_code, pinyin, pinyin_short, order_no) values('199', '16', '平顶山市', 'PingDingShan', '4104', '', 'pingdingshanshi', 'pdss', 199);
insert into us_city(id, province_id, name, english_name, code, area_code, pinyin, pinyin_short, order_no) values('200', '16', '安阳市', 'AnYang', '4105', '', 'anyangshi', 'ays', 200);
insert into us_city(id, province_id, name, english_name, code, area_code, pinyin, pinyin_short, order_no) values('201', '16', '鹤壁市', 'HeBi', '4106', '', 'hebishi', 'hbs', 201);
insert into us_city(id, province_id, name, english_name, code, area_code, pinyin, pinyin_short, order_no) values('202', '16', '新乡市', 'XinXiang', '4107', '', 'xinxiangshi', 'xxs', 202);
insert into us_city(id, province_id, name, english_name, code, area_code, pinyin, pinyin_short, order_no) values('203', '16', '焦作市', 'JiaoZuo', '4108', '', 'jiaozuoshi', 'jzs', 203);
insert into us_city(id, province_id, name, english_name, code, area_code, pinyin, pinyin_short, order_no) values('204', '16', '濮阳市', 'PuYang', '4109', '', 'puyangshi', 'pys', 204);
insert into us_city(id, province_id, name, english_name, code, area_code, pinyin, pinyin_short, order_no) values('205', '16', '许昌市', 'XuChang', '4110', '', 'xuchangshi', 'xcs', 205);
insert into us_city(id, province_id, name, english_name, code, area_code, pinyin, pinyin_short, order_no) values('206', '16', '漯河市', 'LuoHe', '4111', '', 'luoheshi', 'lhs', 206);
insert into us_city(id, province_id, name, english_name, code, area_code, pinyin, pinyin_short, order_no) values('207', '16', '三门峡市', 'SanMenXia', '4112', '', 'sanmenxiashi', 'smxs', 207);
insert into us_city(id, province_id, name, english_name, code, area_code, pinyin, pinyin_short, order_no) values('208', '16', '南阳市', 'NanYang', '4113', '', 'nanyangshi', 'nys', 208);
insert into us_city(id, province_id, name, english_name, code, area_code, pinyin, pinyin_short, order_no) values('209', '16', '商丘市', 'ShangQiu', '4114', '', 'shangqiushi', 'sqs', 209);
insert into us_city(id, province_id, name, english_name, code, area_code, pinyin, pinyin_short, order_no) values('210', '16', '信阳市', 'XinYang', '4115', '', 'xinyangshi', 'xys', 210);
insert into us_city(id, province_id, name, english_name, code, area_code, pinyin, pinyin_short, order_no) values('211', '16', '周口市', 'ZhouKou', '4116', '', 'zhoukoushi', 'zks', 211);
insert into us_city(id, province_id, name, english_name, code, area_code, pinyin, pinyin_short, order_no) values('212', '16', '驻马店市', 'ZhuMaDian', '4117', '', 'zhumadianshi', 'zmds', 212);
insert into us_city(id, province_id, name, english_name, code, area_code, pinyin, pinyin_short, order_no) values('213', '16', '省直辖县级行政区划', 'ShengZhiXiaXianJiXingZhengQu', '4190', '', 'shengzhixiaxianjixingzhengquhua', 'szxxjxzqh', 213);
insert into us_city(id, province_id, name, english_name, code, area_code, pinyin, pinyin_short, order_no) values('214', '17', '武汉市', 'WuHan', '4201', '', 'wuhanshi', 'whs', 214);
insert into us_city(id, province_id, name, english_name, code, area_code, pinyin, pinyin_short, order_no) values('215', '17', '黄石市', 'HuangShi', '4202', '', 'huangshishi', 'hss', 215);
insert into us_city(id, province_id, name, english_name, code, area_code, pinyin, pinyin_short, order_no) values('216', '17', '十堰市', 'ShiYan', '4203', '', 'shiyanshi', 'sys', 216);
insert into us_city(id, province_id, name, english_name, code, area_code, pinyin, pinyin_short, order_no) values('217', '17', '宜昌市', 'YiChang', '4205', '', 'yichangshi', 'ycs', 217);
insert into us_city(id, province_id, name, english_name, code, area_code, pinyin, pinyin_short, order_no) values('218', '17', '襄阳市', 'XiangYang', '4206', '', 'xiangyangshi', 'xys', 218);
insert into us_city(id, province_id, name, english_name, code, area_code, pinyin, pinyin_short, order_no) values('219', '17', '鄂州市', 'EZhou', '4207', '', 'ezhoushi', 'ezs', 219);
insert into us_city(id, province_id, name, english_name, code, area_code, pinyin, pinyin_short, order_no) values('220', '17', '荆门市', 'JingMen', '4208', '', 'jingmenshi', 'jms', 220);
insert into us_city(id, province_id, name, english_name, code, area_code, pinyin, pinyin_short, order_no) values('221', '17', '孝感市', 'XiaoGan', '4209', '', 'xiaoganshi', 'xgs', 221);
insert into us_city(id, province_id, name, english_name, code, area_code, pinyin, pinyin_short, order_no) values('222', '17', '荆州市', 'JingZhou', '4210', '', 'jingzhoushi', 'jzs', 222);
insert into us_city(id, province_id, name, english_name, code, area_code, pinyin, pinyin_short, order_no) values('223', '17', '黄冈市', 'HuangGang', '4211', '', 'huanggangshi', 'hgs', 223);
insert into us_city(id, province_id, name, english_name, code, area_code, pinyin, pinyin_short, order_no) values('224', '17', '咸宁市', 'XianNing', '4212', '', 'xianningshi', 'xns', 224);
insert into us_city(id, province_id, name, english_name, code, area_code, pinyin, pinyin_short, order_no) values('225', '17', '随州市', 'SuiZhou', '4213', '', 'suizhoushi', 'szs', 225);
insert into us_city(id, province_id, name, english_name, code, area_code, pinyin, pinyin_short, order_no) values('226', '17', '恩施土家族苗族自治州', 'EnShiTuJiaZuMiaoZuZiZhi', '4228', '', 'enshitujiazumiaozuzizhizhou', 'estjzmzzzz', 226);
insert into us_city(id, province_id, name, english_name, code, area_code, pinyin, pinyin_short, order_no) values('227', '17', '省直辖县级行政区划', 'ShengZhiXiaXianJiXingZhengQu', '4290', '', 'shengzhixiaxianjixingzhengquhua', 'szxxjxzqh', 227);
insert into us_city(id, province_id, name, english_name, code, area_code, pinyin, pinyin_short, order_no) values('228', '18', '长沙市', 'ZhangSha', '4301', '', 'zhangshashi', 'zss', 228);
insert into us_city(id, province_id, name, english_name, code, area_code, pinyin, pinyin_short, order_no) values('229', '18', '株洲市', 'ZhuZhou', '4302', '', 'zhuzhoushi', 'zzs', 229);
insert into us_city(id, province_id, name, english_name, code, area_code, pinyin, pinyin_short, order_no) values('230', '18', '湘潭市', 'XiangTan', '4303', '', 'xiangtanshi', 'xts', 230);
insert into us_city(id, province_id, name, english_name, code, area_code, pinyin, pinyin_short, order_no) values('231', '18', '衡阳市', 'HengYang', '4304', '', 'hengyangshi', 'hys', 231);
insert into us_city(id, province_id, name, english_name, code, area_code, pinyin, pinyin_short, order_no) values('232', '18', '邵阳市', 'ShaoYang', '4305', '', 'shaoyangshi', 'sys', 232);
insert into us_city(id, province_id, name, english_name, code, area_code, pinyin, pinyin_short, order_no) values('233', '18', '岳阳市', 'YueYang', '4306', '', 'yueyangshi', 'yys', 233);
insert into us_city(id, province_id, name, english_name, code, area_code, pinyin, pinyin_short, order_no) values('234', '18', '常德市', 'ChangDe', '4307', '', 'changdeshi', 'cds', 234);
insert into us_city(id, province_id, name, english_name, code, area_code, pinyin, pinyin_short, order_no) values('235', '18', '张家界市', 'ZhangJiaJie', '4308', '', 'zhangjiajieshi', 'zjjs', 235);
insert into us_city(id, province_id, name, english_name, code, area_code, pinyin, pinyin_short, order_no) values('236', '18', '益阳市', 'YiYang', '4309', '', 'yiyangshi', 'yys', 236);
insert into us_city(id, province_id, name, english_name, code, area_code, pinyin, pinyin_short, order_no) values('237', '18', '郴州市', 'ChenZhou', '4310', '', 'chenzhoushi', 'czs', 237);
insert into us_city(id, province_id, name, english_name, code, area_code, pinyin, pinyin_short, order_no) values('238', '18', '永州市', 'YongZhou', '4311', '', 'yongzhoushi', 'yzs', 238);
insert into us_city(id, province_id, name, english_name, code, area_code, pinyin, pinyin_short, order_no) values('239', '18', '怀化市', 'HuaiHua', '4312', '', 'huaihuashi', 'hhs', 239);
insert into us_city(id, province_id, name, english_name, code, area_code, pinyin, pinyin_short, order_no) values('240', '18', '娄底市', 'LouDi', '4313', '', 'loudishi', 'lds', 240);
insert into us_city(id, province_id, name, english_name, code, area_code, pinyin, pinyin_short, order_no) values('241', '18', '湘西土家族苗族自治州', 'XiangXiTuJiaZuMiaoZuZiZhi', '4331', '', 'xiangxitujiazumiaozuzizhizhou', 'xxtjzmzzzz', 241);
insert into us_city(id, province_id, name, english_name, code, area_code, pinyin, pinyin_short, order_no) values('242', '19', '广州市', 'GuangZhou', '4401', '', 'guangzhoushi', 'gzs', 242);
insert into us_city(id, province_id, name, english_name, code, area_code, pinyin, pinyin_short, order_no) values('243', '19', '韶关市', 'ShaoGuan', '4402', '', 'shaoguanshi', 'sgs', 243);
insert into us_city(id, province_id, name, english_name, code, area_code, pinyin, pinyin_short, order_no) values('244', '19', '深圳市', 'ShenZhen', '4403', '', 'shenzhenshi', 'szs', 244);
insert into us_city(id, province_id, name, english_name, code, area_code, pinyin, pinyin_short, order_no) values('245', '19', '珠海市', 'ZhuHai', '4404', '', 'zhuhaishi', 'zhs', 245);
insert into us_city(id, province_id, name, english_name, code, area_code, pinyin, pinyin_short, order_no) values('246', '19', '汕头市', 'ShanTou', '4405', '', 'shantoushi', 'sts', 246);
insert into us_city(id, province_id, name, english_name, code, area_code, pinyin, pinyin_short, order_no) values('247', '19', '佛山市', 'FoShan', '4406', '', 'foshanshi', 'fss', 247);
insert into us_city(id, province_id, name, english_name, code, area_code, pinyin, pinyin_short, order_no) values('248', '19', '江门市', 'JiangMen', '4407', '', 'jiangmenshi', 'jms', 248);
insert into us_city(id, province_id, name, english_name, code, area_code, pinyin, pinyin_short, order_no) values('249', '19', '湛江市', 'ZhanJiang', '4408', '', 'zhanjiangshi', 'zjs', 249);
insert into us_city(id, province_id, name, english_name, code, area_code, pinyin, pinyin_short, order_no) values('250', '19', '茂名市', 'MaoMing', '4409', '', 'maomingshi', 'mms', 250);
insert into us_city(id, province_id, name, english_name, code, area_code, pinyin, pinyin_short, order_no) values('251', '19', '肇庆市', 'ZhaoQing', '4412', '', 'zhaoqingshi', 'zqs', 251);
insert into us_city(id, province_id, name, english_name, code, area_code, pinyin, pinyin_short, order_no) values('252', '19', '惠州市', 'HuiZhou', '4413', '', 'huizhoushi', 'hzs', 252);
insert into us_city(id, province_id, name, english_name, code, area_code, pinyin, pinyin_short, order_no) values('253', '19', '梅州市', 'MeiZhou', '4414', '', 'meizhoushi', 'mzs', 253);
insert into us_city(id, province_id, name, english_name, code, area_code, pinyin, pinyin_short, order_no) values('254', '19', '汕尾市', 'ShanWei', '4415', '', 'shanweishi', 'sws', 254);
insert into us_city(id, province_id, name, english_name, code, area_code, pinyin, pinyin_short, order_no) values('255', '19', '河源市', 'HeYuan', '4416', '', 'heyuanshi', 'hys', 255);
insert into us_city(id, province_id, name, english_name, code, area_code, pinyin, pinyin_short, order_no) values('256', '19', '阳江市', 'YangJiang', '4417', '', 'yangjiangshi', 'yjs', 256);
insert into us_city(id, province_id, name, english_name, code, area_code, pinyin, pinyin_short, order_no) values('257', '19', '清远市', 'QingYuan', '4418', '', 'qingyuanshi', 'qys', 257);
insert into us_city(id, province_id, name, english_name, code, area_code, pinyin, pinyin_short, order_no) values('258', '19', '东莞市', 'DongGuan', '4419', '', 'dongguanshi', 'dgs', 258);
insert into us_city(id, province_id, name, english_name, code, area_code, pinyin, pinyin_short, order_no) values('259', '19', '中山市', 'ZhongShan', '4420', '', 'zhongshanshi', 'zss', 259);
insert into us_city(id, province_id, name, english_name, code, area_code, pinyin, pinyin_short, order_no) values('260', '19', '潮州市', 'ChaoZhou', '4451', '', 'chaozhoushi', 'czs', 260);
insert into us_city(id, province_id, name, english_name, code, area_code, pinyin, pinyin_short, order_no) values('261', '19', '揭阳市', 'JieYang', '4452', '', 'jieyangshi', 'jys', 261);
insert into us_city(id, province_id, name, english_name, code, area_code, pinyin, pinyin_short, order_no) values('262', '19', '云浮市', 'YunFu', '4453', '', 'yunfushi', 'yfs', 262);
insert into us_city(id, province_id, name, english_name, code, area_code, pinyin, pinyin_short, order_no) values('263', '20', '南宁市', 'NanNing', '4501', '', 'nanningshi', 'nns', 263);
insert into us_city(id, province_id, name, english_name, code, area_code, pinyin, pinyin_short, order_no) values('264', '20', '柳州市', 'LiuZhou', '4502', '', 'liuzhoushi', 'lzs', 264);
insert into us_city(id, province_id, name, english_name, code, area_code, pinyin, pinyin_short, order_no) values('265', '20', '桂林市', 'GuiLin', '4503', '', 'guilinshi', 'gls', 265);
insert into us_city(id, province_id, name, english_name, code, area_code, pinyin, pinyin_short, order_no) values('266', '20', '梧州市', 'WuZhou', '4504', '', 'wuzhoushi', 'wzs', 266);
insert into us_city(id, province_id, name, english_name, code, area_code, pinyin, pinyin_short, order_no) values('267', '20', '北海市', 'BeiHai', '4505', '', 'beihaishi', 'bhs', 267);
insert into us_city(id, province_id, name, english_name, code, area_code, pinyin, pinyin_short, order_no) values('268', '20', '防城港市', 'FangChengGang', '4506', '', 'fangchenggangshi', 'fcgs', 268);
insert into us_city(id, province_id, name, english_name, code, area_code, pinyin, pinyin_short, order_no) values('269', '20', '钦州市', 'QinZhou', '4507', '', 'qinzhoushi', 'qzs', 269);
insert into us_city(id, province_id, name, english_name, code, area_code, pinyin, pinyin_short, order_no) values('270', '20', '贵港市', 'GuiGang', '4508', '', 'guigangshi', 'ggs', 270);
insert into us_city(id, province_id, name, english_name, code, area_code, pinyin, pinyin_short, order_no) values('271', '20', '玉林市', 'YuLin', '4509', '', 'yulinshi', 'yls', 271);
insert into us_city(id, province_id, name, english_name, code, area_code, pinyin, pinyin_short, order_no) values('272', '20', '百色市', 'BaiSe', '4510', '', 'baiseshi', 'bss', 272);
insert into us_city(id, province_id, name, english_name, code, area_code, pinyin, pinyin_short, order_no) values('273', '20', '贺州市', 'HeZhou', '4511', '', 'hezhoushi', 'hzs', 273);
insert into us_city(id, province_id, name, english_name, code, area_code, pinyin, pinyin_short, order_no) values('274', '20', '河池市', 'HeChi', '4512', '', 'hechishi', 'hcs', 274);
insert into us_city(id, province_id, name, english_name, code, area_code, pinyin, pinyin_short, order_no) values('275', '20', '来宾市', 'LaiBin', '4513', '', 'laibinshi', 'lbs', 275);
insert into us_city(id, province_id, name, english_name, code, area_code, pinyin, pinyin_short, order_no) values('276', '20', '崇左市', 'ChongZuo', '4514', '', 'chongzuoshi', 'czs', 276);
insert into us_city(id, province_id, name, english_name, code, area_code, pinyin, pinyin_short, order_no) values('277', '21', '海口市', 'HaiKou', '4601', '', 'haikoushi', 'hks', 277);
insert into us_city(id, province_id, name, english_name, code, area_code, pinyin, pinyin_short, order_no) values('278', '21', '三亚市', 'SanYa', '4602', '', 'sanyashi', 'sys', 278);
insert into us_city(id, province_id, name, english_name, code, area_code, pinyin, pinyin_short, order_no) values('279', '21', '三沙市', 'SanSha', '4603', '', 'sanshashi', 'sss', 279);
insert into us_city(id, province_id, name, english_name, code, area_code, pinyin, pinyin_short, order_no) values('280', '21', '儋州市', 'DanZhou', '4604', '', 'danzhoushi', 'dzs', 280);
insert into us_city(id, province_id, name, english_name, code, area_code, pinyin, pinyin_short, order_no) values('281', '21', '省直辖县级行政区划', 'ShengZhiXiaXianJiXingZhengQu', '4690', '', 'shengzhixiaxianjixingzhengquhua', 'szxxjxzqh', 281);
insert into us_city(id, province_id, name, english_name, code, area_code, pinyin, pinyin_short, order_no) values('282', '22', '万州区', 'WanZhou', '500101', '', 'wanzhouqu', 'wzq', 282);
insert into us_city(id, province_id, name, english_name, code, area_code, pinyin, pinyin_short, order_no) values('283', '22', '涪陵区', 'FuLing', '500102', '', 'fulingqu', 'flq', 283);
insert into us_city(id, province_id, name, english_name, code, area_code, pinyin, pinyin_short, order_no) values('284', '22', '渝中区', 'YuZhong', '500103', '', 'yuzhongqu', 'yzq', 284);
insert into us_city(id, province_id, name, english_name, code, area_code, pinyin, pinyin_short, order_no) values('285', '22', '大渡口区', 'DaDuKou', '500104', '', 'dadukouqu', 'ddkq', 285);
insert into us_city(id, province_id, name, english_name, code, area_code, pinyin, pinyin_short, order_no) values('286', '22', '江北区', 'JiangBei', '500105', '', 'jiangbeiqu', 'jbq', 286);
insert into us_city(id, province_id, name, english_name, code, area_code, pinyin, pinyin_short, order_no) values('287', '22', '沙坪坝区', 'ShaPingBa', '500106', '', 'shapingbaqu', 'spbq', 287);
insert into us_city(id, province_id, name, english_name, code, area_code, pinyin, pinyin_short, order_no) values('288', '22', '九龙坡区', 'JiuLongPo', '500107', '', 'jiulongpoqu', 'jlpq', 288);
insert into us_city(id, province_id, name, english_name, code, area_code, pinyin, pinyin_short, order_no) values('289', '22', '南岸区', 'NanAn', '500108', '', 'nananqu', 'naq', 289);
insert into us_city(id, province_id, name, english_name, code, area_code, pinyin, pinyin_short, order_no) values('290', '22', '北碚区', 'BeiBei', '500109', '', 'beibeiqu', 'bbq', 290);
insert into us_city(id, province_id, name, english_name, code, area_code, pinyin, pinyin_short, order_no) values('291', '22', '綦江区', 'QiJiang', '500110', '', 'qijiangqu', 'qjq', 291);
insert into us_city(id, province_id, name, english_name, code, area_code, pinyin, pinyin_short, order_no) values('292', '22', '大足区', 'DaZu', '500111', '', 'dazuqu', 'dzq', 292);
insert into us_city(id, province_id, name, english_name, code, area_code, pinyin, pinyin_short, order_no) values('293', '22', '渝北区', 'YuBei', '500112', '', 'yubeiqu', 'ybq', 293);
insert into us_city(id, province_id, name, english_name, code, area_code, pinyin, pinyin_short, order_no) values('294', '22', '巴南区', 'BaNan', '500113', '', 'bananqu', 'bnq', 294);
insert into us_city(id, province_id, name, english_name, code, area_code, pinyin, pinyin_short, order_no) values('295', '22', '黔江区', 'QianJiang', '500114', '', 'qianjiangqu', 'qjq', 295);
insert into us_city(id, province_id, name, english_name, code, area_code, pinyin, pinyin_short, order_no) values('296', '22', '长寿区', 'ZhangShou', '500115', '', 'zhangshouqu', 'zsq', 296);
insert into us_city(id, province_id, name, english_name, code, area_code, pinyin, pinyin_short, order_no) values('297', '22', '江津区', 'JiangJin', '500116', '', 'jiangjinqu', 'jjq', 297);
insert into us_city(id, province_id, name, english_name, code, area_code, pinyin, pinyin_short, order_no) values('298', '22', '合川区', 'HeChuan', '500117', '', 'hechuanqu', 'hcq', 298);
insert into us_city(id, province_id, name, english_name, code, area_code, pinyin, pinyin_short, order_no) values('299', '22', '永川区', 'YongChuan', '500118', '', 'yongchuanqu', 'ycq', 299);
insert into us_city(id, province_id, name, english_name, code, area_code, pinyin, pinyin_short, order_no) values('300', '22', '南川区', 'NanChuan', '500119', '', 'nanchuanqu', 'ncq', 300);
insert into us_city(id, province_id, name, english_name, code, area_code, pinyin, pinyin_short, order_no) values('301', '22', '璧山区', 'BiShan', '500120', '', 'bishanqu', 'bsq', 301);
insert into us_city(id, province_id, name, english_name, code, area_code, pinyin, pinyin_short, order_no) values('302', '22', '铜梁区', 'TongLiang', '500151', '', 'tongliangqu', 'tlq', 302);
insert into us_city(id, province_id, name, english_name, code, area_code, pinyin, pinyin_short, order_no) values('303', '22', '潼南区', 'TongNan', '500152', '', 'tongnanqu', 'tnq', 303);
insert into us_city(id, province_id, name, english_name, code, area_code, pinyin, pinyin_short, order_no) values('304', '22', '荣昌区', 'RongChang', '500153', '', 'rongchangqu', 'rcq', 304);
insert into us_city(id, province_id, name, english_name, code, area_code, pinyin, pinyin_short, order_no) values('305', '22', '开州区', 'KaiZhou', '500154', '', 'kaizhouqu', 'kzq', 305);
insert into us_city(id, province_id, name, english_name, code, area_code, pinyin, pinyin_short, order_no) values('306', '22', '梁平区', 'LiangPing', '500155', '', 'liangpingqu', 'lpq', 306);
insert into us_city(id, province_id, name, english_name, code, area_code, pinyin, pinyin_short, order_no) values('307', '22', '武隆区', 'WuLong', '500156', '', 'wulongqu', 'wlq', 307);
insert into us_city(id, province_id, name, english_name, code, area_code, pinyin, pinyin_short, order_no) values('308', '22', '县', '', '5002', '', 'xian', 'x', 308);
insert into us_city(id, province_id, name, english_name, code, area_code, pinyin, pinyin_short, order_no) values('309', '23', '成都市', 'ChengDou', '5101', '', 'chengdoushi', 'cds', 309);
insert into us_city(id, province_id, name, english_name, code, area_code, pinyin, pinyin_short, order_no) values('310', '23', '自贡市', 'ZiGong', '5103', '', 'zigongshi', 'zgs', 310);
insert into us_city(id, province_id, name, english_name, code, area_code, pinyin, pinyin_short, order_no) values('311', '23', '攀枝花市', 'PanZhiHua', '5104', '', 'panzhihuashi', 'pzhs', 311);
insert into us_city(id, province_id, name, english_name, code, area_code, pinyin, pinyin_short, order_no) values('312', '23', '泸州市', 'LuZhou', '5105', '', 'luzhoushi', 'lzs', 312);
insert into us_city(id, province_id, name, english_name, code, area_code, pinyin, pinyin_short, order_no) values('313', '23', '德阳市', 'DeYang', '5106', '', 'deyangshi', 'dys', 313);
insert into us_city(id, province_id, name, english_name, code, area_code, pinyin, pinyin_short, order_no) values('314', '23', '绵阳市', 'MianYang', '5107', '', 'mianyangshi', 'mys', 314);
insert into us_city(id, province_id, name, english_name, code, area_code, pinyin, pinyin_short, order_no) values('315', '23', '广元市', 'GuangYuan', '5108', '', 'guangyuanshi', 'gys', 315);
insert into us_city(id, province_id, name, english_name, code, area_code, pinyin, pinyin_short, order_no) values('316', '23', '遂宁市', 'SuiNing', '5109', '', 'suiningshi', 'sns', 316);
insert into us_city(id, province_id, name, english_name, code, area_code, pinyin, pinyin_short, order_no) values('317', '23', '内江市', 'NeiJiang', '5110', '', 'neijiangshi', 'njs', 317);
insert into us_city(id, province_id, name, english_name, code, area_code, pinyin, pinyin_short, order_no) values('318', '23', '乐山市', 'LeShan', '5111', '', 'leshanshi', 'lss', 318);
insert into us_city(id, province_id, name, english_name, code, area_code, pinyin, pinyin_short, order_no) values('319', '23', '南充市', 'NanChong', '5113', '', 'nanchongshi', 'ncs', 319);
insert into us_city(id, province_id, name, english_name, code, area_code, pinyin, pinyin_short, order_no) values('320', '23', '眉山市', 'MeiShan', '5114', '', 'meishanshi', 'mss', 320);
insert into us_city(id, province_id, name, english_name, code, area_code, pinyin, pinyin_short, order_no) values('321', '23', '宜宾市', 'YiBin', '5115', '', 'yibinshi', 'ybs', 321);
insert into us_city(id, province_id, name, english_name, code, area_code, pinyin, pinyin_short, order_no) values('322', '23', '广安市', 'GuangAn', '5116', '', 'guanganshi', 'gas', 322);
insert into us_city(id, province_id, name, english_name, code, area_code, pinyin, pinyin_short, order_no) values('323', '23', '达州市', 'DaZhou', '5117', '', 'dazhoushi', 'dzs', 323);
insert into us_city(id, province_id, name, english_name, code, area_code, pinyin, pinyin_short, order_no) values('324', '23', '雅安市', 'YaAn', '5118', '', 'yaanshi', 'yas', 324);
insert into us_city(id, province_id, name, english_name, code, area_code, pinyin, pinyin_short, order_no) values('325', '23', '巴中市', 'BaZhong', '5119', '', 'bazhongshi', 'bzs', 325);
insert into us_city(id, province_id, name, english_name, code, area_code, pinyin, pinyin_short, order_no) values('326', '23', '资阳市', 'ZiYang', '5120', '', 'ziyangshi', 'zys', 326);
insert into us_city(id, province_id, name, english_name, code, area_code, pinyin, pinyin_short, order_no) values('327', '23', '阿坝藏族羌族自治州', 'ABaZangZuQiangZuZiZhi', '5132', '', 'abazangzuqiangzuzizhizhou', 'abzzqzzzz', 327);
insert into us_city(id, province_id, name, english_name, code, area_code, pinyin, pinyin_short, order_no) values('328', '23', '甘孜藏族自治州', 'GanZiZangZuZiZhi', '5133', '', 'ganzizangzuzizhizhou', 'gzzzzzz', 328);
insert into us_city(id, province_id, name, english_name, code, area_code, pinyin, pinyin_short, order_no) values('329', '23', '凉山彝族自治州', 'LiangShanYiZuZiZhi', '5134', '', 'liangshanyizuzizhizhou', 'lsyzzzz', 329);
insert into us_city(id, province_id, name, english_name, code, area_code, pinyin, pinyin_short, order_no) values('330', '24', '贵阳市', 'GuiYang', '5201', '', 'guiyangshi', 'gys', 330);
insert into us_city(id, province_id, name, english_name, code, area_code, pinyin, pinyin_short, order_no) values('331', '24', '六盘水市', 'LiuPanShui', '5202', '', 'liupanshuishi', 'lpss', 331);
insert into us_city(id, province_id, name, english_name, code, area_code, pinyin, pinyin_short, order_no) values('332', '24', '遵义市', 'ZunYi', '5203', '', 'zunyishi', 'zys', 332);
insert into us_city(id, province_id, name, english_name, code, area_code, pinyin, pinyin_short, order_no) values('333', '24', '安顺市', 'AnShun', '5204', '', 'anshunshi', 'ass', 333);
insert into us_city(id, province_id, name, english_name, code, area_code, pinyin, pinyin_short, order_no) values('334', '24', '毕节市', 'BiJie', '5205', '', 'bijieshi', 'bjs', 334);
insert into us_city(id, province_id, name, english_name, code, area_code, pinyin, pinyin_short, order_no) values('335', '24', '铜仁市', 'TongRen', '5206', '', 'tongrenshi', 'trs', 335);
insert into us_city(id, province_id, name, english_name, code, area_code, pinyin, pinyin_short, order_no) values('336', '24', '黔西南布依族苗族自治州', 'QianXiNanBuYiZuMiaoZuZiZhi', '5223', '', 'qianxinanbuyizumiaozuzizhizhou', 'qxnbyzmzzzz', 336);
insert into us_city(id, province_id, name, english_name, code, area_code, pinyin, pinyin_short, order_no) values('337', '24', '黔东南苗族侗族自治州', 'QianDongNanMiaoZuDongZuZiZhi', '5226', '', 'qiandongnanmiaozudongzuzizhizhou', 'qdnmzdzzzz', 337);
insert into us_city(id, province_id, name, english_name, code, area_code, pinyin, pinyin_short, order_no) values('338', '24', '黔南布依族苗族自治州', 'QianNanBuYiZuMiaoZuZiZhi', '5227', '', 'qiannanbuyizumiaozuzizhizhou', 'qnbyzmzzzz', 338);
insert into us_city(id, province_id, name, english_name, code, area_code, pinyin, pinyin_short, order_no) values('339', '25', '昆明市', 'KunMing', '5301', '', 'kunmingshi', 'kms', 339);
insert into us_city(id, province_id, name, english_name, code, area_code, pinyin, pinyin_short, order_no) values('340', '25', '曲靖市', 'QuJing', '5303', '', 'qujingshi', 'qjs', 340);
insert into us_city(id, province_id, name, english_name, code, area_code, pinyin, pinyin_short, order_no) values('341', '25', '玉溪市', 'YuXi', '5304', '', 'yuxishi', 'yxs', 341);
insert into us_city(id, province_id, name, english_name, code, area_code, pinyin, pinyin_short, order_no) values('342', '25', '保山市', 'BaoShan', '5305', '', 'baoshanshi', 'bss', 342);
insert into us_city(id, province_id, name, english_name, code, area_code, pinyin, pinyin_short, order_no) values('343', '25', '昭通市', 'ZhaoTong', '5306', '', 'zhaotongshi', 'zts', 343);
insert into us_city(id, province_id, name, english_name, code, area_code, pinyin, pinyin_short, order_no) values('344', '25', '丽江市', 'LiJiang', '5307', '', 'lijiangshi', 'ljs', 344);
insert into us_city(id, province_id, name, english_name, code, area_code, pinyin, pinyin_short, order_no) values('345', '25', '普洱市', 'PuEr', '5308', '', 'puershi', 'pes', 345);
insert into us_city(id, province_id, name, english_name, code, area_code, pinyin, pinyin_short, order_no) values('346', '25', '临沧市', 'LinCang', '5309', '', 'lincangshi', 'lcs', 346);
insert into us_city(id, province_id, name, english_name, code, area_code, pinyin, pinyin_short, order_no) values('347', '25', '楚雄彝族自治州', 'ChuXiongYiZuZiZhi', '5323', '', 'chuxiongyizuzizhizhou', 'cxyzzzz', 347);
insert into us_city(id, province_id, name, english_name, code, area_code, pinyin, pinyin_short, order_no) values('348', '25', '红河哈尼族彝族自治州', 'HongHeHaNiZuYiZuZiZhi', '5325', '', 'honghehanizuyizuzizhizhou', 'hhhnzyzzzz', 348);
insert into us_city(id, province_id, name, english_name, code, area_code, pinyin, pinyin_short, order_no) values('349', '25', '文山壮族苗族自治州', 'WenShanZhuangZuMiaoZuZiZhi', '5326', '', 'wenshanzhuangzumiaozuzizhizhou', 'wszzmzzzz', 349);
insert into us_city(id, province_id, name, english_name, code, area_code, pinyin, pinyin_short, order_no) values('350', '25', '西双版纳傣族自治州', 'XiShuangBanNaDaiZuZiZhi', '5328', '', 'xishuangbannadaizuzizhizhou', 'xsbndzzzz', 350);
insert into us_city(id, province_id, name, english_name, code, area_code, pinyin, pinyin_short, order_no) values('351', '25', '大理白族自治州', 'DaLiBaiZuZiZhi', '5329', '', 'dalibaizuzizhizhou', 'dlbzzzz', 351);
insert into us_city(id, province_id, name, english_name, code, area_code, pinyin, pinyin_short, order_no) values('352', '25', '德宏傣族景颇族自治州', 'DeHongDaiZuJingPoZuZiZhi', '5331', '', 'dehongdaizujingpozuzizhizhou', 'dhdzjpzzzz', 352);
insert into us_city(id, province_id, name, english_name, code, area_code, pinyin, pinyin_short, order_no) values('353', '25', '怒江傈僳族自治州', 'NuJiangLiSuZuZiZhi', '5333', '', 'nujianglisuzuzizhizhou', 'njlszzzz', 353);
insert into us_city(id, province_id, name, english_name, code, area_code, pinyin, pinyin_short, order_no) values('354', '25', '迪庆藏族自治州', 'DiQingZangZuZiZhi', '5334', '', 'diqingzangzuzizhizhou', 'dqzzzzz', 354);
insert into us_city(id, province_id, name, english_name, code, area_code, pinyin, pinyin_short, order_no) values('355', '26', '拉萨市', 'LaSa', '5401', '', 'lasashi', 'lss', 355);
insert into us_city(id, province_id, name, english_name, code, area_code, pinyin, pinyin_short, order_no) values('356', '26', '日喀则市', 'RiKaZe', '5402', '', 'rikazeshi', 'rkzs', 356);
insert into us_city(id, province_id, name, english_name, code, area_code, pinyin, pinyin_short, order_no) values('357', '26', '昌都市', 'ChangDou', '5403', '', 'changdoushi', 'cds', 357);
insert into us_city(id, province_id, name, english_name, code, area_code, pinyin, pinyin_short, order_no) values('358', '26', '林芝市', 'LinZhi', '5404', '', 'linzhishi', 'lzs', 358);
insert into us_city(id, province_id, name, english_name, code, area_code, pinyin, pinyin_short, order_no) values('359', '26', '山南市', 'ShanNan', '5405', '', 'shannanshi', 'sns', 359);
insert into us_city(id, province_id, name, english_name, code, area_code, pinyin, pinyin_short, order_no) values('360', '26', '那曲市', 'NeiQu', '5406', '', 'neiqushi', 'nqs', 360);
insert into us_city(id, province_id, name, english_name, code, area_code, pinyin, pinyin_short, order_no) values('361', '26', '阿里地区', 'ALiDi', '5425', '', 'alidiqu', 'aldq', 361);
insert into us_city(id, province_id, name, english_name, code, area_code, pinyin, pinyin_short, order_no) values('362', '27', '西安市', 'XiAn', '6101', '', 'xianshi', 'xas', 362);
insert into us_city(id, province_id, name, english_name, code, area_code, pinyin, pinyin_short, order_no) values('363', '27', '铜川市', 'TongChuan', '6102', '', 'tongchuanshi', 'tcs', 363);
insert into us_city(id, province_id, name, english_name, code, area_code, pinyin, pinyin_short, order_no) values('364', '27', '宝鸡市', 'BaoJi', '6103', '', 'baojishi', 'bjs', 364);
insert into us_city(id, province_id, name, english_name, code, area_code, pinyin, pinyin_short, order_no) values('365', '27', '咸阳市', 'XianYang', '6104', '', 'xianyangshi', 'xys', 365);
insert into us_city(id, province_id, name, english_name, code, area_code, pinyin, pinyin_short, order_no) values('366', '27', '渭南市', 'WeiNan', '6105', '', 'weinanshi', 'wns', 366);
insert into us_city(id, province_id, name, english_name, code, area_code, pinyin, pinyin_short, order_no) values('367', '27', '延安市', 'YanAn', '6106', '', 'yananshi', 'yas', 367);
insert into us_city(id, province_id, name, english_name, code, area_code, pinyin, pinyin_short, order_no) values('368', '27', '汉中市', 'HanZhong', '6107', '', 'hanzhongshi', 'hzs', 368);
insert into us_city(id, province_id, name, english_name, code, area_code, pinyin, pinyin_short, order_no) values('369', '27', '榆林市', 'YuLin', '6108', '', 'yulinshi', 'yls', 369);
insert into us_city(id, province_id, name, english_name, code, area_code, pinyin, pinyin_short, order_no) values('370', '27', '安康市', 'AnKang', '6109', '', 'ankangshi', 'aks', 370);
insert into us_city(id, province_id, name, english_name, code, area_code, pinyin, pinyin_short, order_no) values('371', '27', '商洛市', 'ShangLuo', '6110', '', 'shangluoshi', 'sls', 371);
insert into us_city(id, province_id, name, english_name, code, area_code, pinyin, pinyin_short, order_no) values('372', '28', '兰州市', 'LanZhou', '6201', '', 'lanzhoushi', 'lzs', 372);
insert into us_city(id, province_id, name, english_name, code, area_code, pinyin, pinyin_short, order_no) values('373', '28', '嘉峪关市', 'JiaYuGuan', '6202', '', 'jiayuguanshi', 'jygs', 373);
insert into us_city(id, province_id, name, english_name, code, area_code, pinyin, pinyin_short, order_no) values('374', '28', '金昌市', 'JinChang', '6203', '', 'jinchangshi', 'jcs', 374);
insert into us_city(id, province_id, name, english_name, code, area_code, pinyin, pinyin_short, order_no) values('375', '28', '白银市', 'BaiYin', '6204', '', 'baiyinshi', 'bys', 375);
insert into us_city(id, province_id, name, english_name, code, area_code, pinyin, pinyin_short, order_no) values('376', '28', '天水市', 'TianShui', '6205', '', 'tianshuishi', 'tss', 376);
insert into us_city(id, province_id, name, english_name, code, area_code, pinyin, pinyin_short, order_no) values('377', '28', '武威市', 'WuWei', '6206', '', 'wuweishi', 'wws', 377);
insert into us_city(id, province_id, name, english_name, code, area_code, pinyin, pinyin_short, order_no) values('378', '28', '张掖市', 'ZhangYe', '6207', '', 'zhangyeshi', 'zys', 378);
insert into us_city(id, province_id, name, english_name, code, area_code, pinyin, pinyin_short, order_no) values('379', '28', '平凉市', 'PingLiang', '6208', '', 'pingliangshi', 'pls', 379);
insert into us_city(id, province_id, name, english_name, code, area_code, pinyin, pinyin_short, order_no) values('380', '28', '酒泉市', 'JiuQuan', '6209', '', 'jiuquanshi', 'jqs', 380);
insert into us_city(id, province_id, name, english_name, code, area_code, pinyin, pinyin_short, order_no) values('381', '28', '庆阳市', 'QingYang', '6210', '', 'qingyangshi', 'qys', 381);
insert into us_city(id, province_id, name, english_name, code, area_code, pinyin, pinyin_short, order_no) values('382', '28', '定西市', 'DingXi', '6211', '', 'dingxishi', 'dxs', 382);
insert into us_city(id, province_id, name, english_name, code, area_code, pinyin, pinyin_short, order_no) values('383', '28', '陇南市', 'LongNan', '6212', '', 'longnanshi', 'lns', 383);
insert into us_city(id, province_id, name, english_name, code, area_code, pinyin, pinyin_short, order_no) values('384', '28', '临夏回族自治州', 'LinXiaHuiZuZiZhi', '6229', '', 'linxiahuizuzizhizhou', 'lxhzzzz', 384);
insert into us_city(id, province_id, name, english_name, code, area_code, pinyin, pinyin_short, order_no) values('385', '28', '甘南藏族自治州', 'GanNanZangZuZiZhi', '6230', '', 'gannanzangzuzizhizhou', 'gnzzzzz', 385);
insert into us_city(id, province_id, name, english_name, code, area_code, pinyin, pinyin_short, order_no) values('386', '29', '西宁市', 'XiNing', '6301', '', 'xiningshi', 'xns', 386);
insert into us_city(id, province_id, name, english_name, code, area_code, pinyin, pinyin_short, order_no) values('387', '29', '海东市', 'HaiDong', '6302', '', 'haidongshi', 'hds', 387);
insert into us_city(id, province_id, name, english_name, code, area_code, pinyin, pinyin_short, order_no) values('388', '29', '海北藏族自治州', 'HaiBeiZangZuZiZhi', '6322', '', 'haibeizangzuzizhizhou', 'hbzzzzz', 388);
insert into us_city(id, province_id, name, english_name, code, area_code, pinyin, pinyin_short, order_no) values('389', '29', '黄南藏族自治州', 'HuangNanZangZuZiZhi', '6323', '', 'huangnanzangzuzizhizhou', 'hnzzzzz', 389);
insert into us_city(id, province_id, name, english_name, code, area_code, pinyin, pinyin_short, order_no) values('390', '29', '海南藏族自治州', 'HaiNanZangZuZiZhi', '6325', '', 'hainanzangzuzizhizhou', 'hnzzzzz', 390);
insert into us_city(id, province_id, name, english_name, code, area_code, pinyin, pinyin_short, order_no) values('391', '29', '果洛藏族自治州', 'GuoLuoZangZuZiZhi', '6326', '', 'guoluozangzuzizhizhou', 'glzzzzz', 391);
insert into us_city(id, province_id, name, english_name, code, area_code, pinyin, pinyin_short, order_no) values('392', '29', '玉树藏族自治州', 'YuShuZangZuZiZhi', '6327', '', 'yushuzangzuzizhizhou', 'yszzzzz', 392);
insert into us_city(id, province_id, name, english_name, code, area_code, pinyin, pinyin_short, order_no) values('393', '29', '海西蒙古族藏族自治州', 'HaiXiMengGuZuZangZuZiZhi', '6328', '', 'haiximengguzuzangzuzizhizhou', 'hxmgzzzzzz', 393);
insert into us_city(id, province_id, name, english_name, code, area_code, pinyin, pinyin_short, order_no) values('394', '30', '银川市', 'YinChuan', '6401', '', 'yinchuanshi', 'ycs', 394);
insert into us_city(id, province_id, name, english_name, code, area_code, pinyin, pinyin_short, order_no) values('395', '30', '石嘴山市', 'ShiZuiShan', '6402', '', 'shizuishanshi', 'szss', 395);
insert into us_city(id, province_id, name, english_name, code, area_code, pinyin, pinyin_short, order_no) values('396', '30', '吴忠市', 'WuZhong', '6403', '', 'wuzhongshi', 'wzs', 396);
insert into us_city(id, province_id, name, english_name, code, area_code, pinyin, pinyin_short, order_no) values('397', '30', '固原市', 'GuYuan', '6404', '', 'guyuanshi', 'gys', 397);
insert into us_city(id, province_id, name, english_name, code, area_code, pinyin, pinyin_short, order_no) values('398', '30', '中卫市', 'ZhongWei', '6405', '', 'zhongweishi', 'zws', 398);
insert into us_city(id, province_id, name, english_name, code, area_code, pinyin, pinyin_short, order_no) values('399', '31', '乌鲁木齐市', 'WuLuMuQi', '6501', '', 'wulumuqishi', 'wlmqs', 399);
insert into us_city(id, province_id, name, english_name, code, area_code, pinyin, pinyin_short, order_no) values('400', '31', '克拉玛依市', 'KeLaMaYi', '6502', '', 'kelamayishi', 'klmys', 400);
insert into us_city(id, province_id, name, english_name, code, area_code, pinyin, pinyin_short, order_no) values('401', '31', '吐鲁番市', 'TuLuFan', '6504', '', 'tulufanshi', 'tlfs', 401);
insert into us_city(id, province_id, name, english_name, code, area_code, pinyin, pinyin_short, order_no) values('402', '31', '哈密市', 'HaMi', '6505', '', 'hamishi', 'hms', 402);
insert into us_city(id, province_id, name, english_name, code, area_code, pinyin, pinyin_short, order_no) values('403', '31', '昌吉回族自治州', 'ChangJiHuiZuZiZhi', '6523', '', 'changjihuizuzizhizhou', 'cjhzzzz', 403);
insert into us_city(id, province_id, name, english_name, code, area_code, pinyin, pinyin_short, order_no) values('404', '31', '博尔塔拉蒙古自治州', 'BoErTaLaMengGuZiZhi', '6527', '', 'boertalamengguzizhizhou', 'betlmgzzz', 404);
insert into us_city(id, province_id, name, english_name, code, area_code, pinyin, pinyin_short, order_no) values('405', '31', '巴音郭楞蒙古自治州', 'BaYinGuoLengMengGuZiZhi', '6528', '', 'bayinguolengmengguzizhizhou', 'byglmgzzz', 405);
insert into us_city(id, province_id, name, english_name, code, area_code, pinyin, pinyin_short, order_no) values('406', '31', '阿克苏地区', 'AKeSuDi', '6529', '', 'akesudiqu', 'aksdq', 406);
insert into us_city(id, province_id, name, english_name, code, area_code, pinyin, pinyin_short, order_no) values('407', '31', '克孜勒苏柯尔克孜自治州', 'KeZiLeSuKeErKeZiZiZhi', '6530', '', 'kezilesukeerkezizizhizhou', 'kzlskekzzzz', 407);
insert into us_city(id, province_id, name, english_name, code, area_code, pinyin, pinyin_short, order_no) values('408', '31', '喀什地区', 'KaShenDi', '6531', '', 'kashendiqu', 'ksdq', 408);
insert into us_city(id, province_id, name, english_name, code, area_code, pinyin, pinyin_short, order_no) values('409', '31', '和田地区', 'HeTianDi', '6532', '', 'hetiandiqu', 'htdq', 409);
insert into us_city(id, province_id, name, english_name, code, area_code, pinyin, pinyin_short, order_no) values('410', '31', '伊犁哈萨克自治州', 'YiLiHaSaKeZiZhi', '6540', '', 'yilihasakezizhizhou', 'ylhskzzz', 410);
insert into us_city(id, province_id, name, english_name, code, area_code, pinyin, pinyin_short, order_no) values('411', '31', '塔城地区', 'TaChengDi', '6542', '', 'tachengdiqu', 'tcdq', 411);
insert into us_city(id, province_id, name, english_name, code, area_code, pinyin, pinyin_short, order_no) values('412', '31', '阿勒泰地区', 'ALeTaiDi', '6543', '', 'aletaidiqu', 'altdq', 412);
insert into us_city(id, province_id, name, english_name, code, area_code, pinyin, pinyin_short, order_no) values('413', '31', '自治区直辖县级行政区划', 'ZiZhiQuZhiXiaXianJiXingZhengQu', '6590', '', 'zizhiquzhixiaxianjixingzhengquhua', 'zzqzxxjxzqh', 413);

-- 初始16个ip
insert into us_ip_address(id, ipv4, create_time) values(inet_aton('36.23.155.195') ,'36.23.155.195', now());
insert into us_ip_address(id, ipv4, create_time) values(inet_aton('180.111.55.150') ,'180.111.55.150', now());
insert into us_ip_address(id, ipv4, create_time) values(inet_aton('112.215.172.71') ,'112.215.172.71', now());
insert into us_ip_address(id, ipv4, create_time) values(inet_aton('223.99.170.165') ,'223.99.170.165', now());
insert into us_ip_address(id, ipv4, create_time) values(inet_aton('58.101.122.198') ,'58.101.122.198', now());
insert into us_ip_address(id, ipv4, create_time) values(inet_aton('111.8.140.16') ,'111.8.140.16', now())   ;
insert into us_ip_address(id, ipv4, create_time) values(inet_aton('175.11.218.14') ,'175.11.218.14', now()) ;
insert into us_ip_address(id, ipv4, create_time) values(inet_aton('119.5.166.179') ,'119.5.166.179', now()) ;
insert into us_ip_address(id, ipv4, create_time) values(inet_aton('182.37.39.218') ,'182.37.39.218', now()) ;
insert into us_ip_address(id, ipv4, create_time) values(inet_aton('101.85.233.57') ,'101.85.233.57', now()) ;
insert into us_ip_address(id, ipv4, create_time) values(inet_aton('221.217.208.5') ,'221.217.208.5', now()) ;
insert into us_ip_address(id, ipv4, create_time) values(inet_aton('119.5.162.216') ,'119.5.162.216', now()) ;
insert into us_ip_address(id, ipv4, create_time) values(inet_aton('114.89.194.101') ,'114.89.194.101', now()) ;
insert into us_ip_address(id, ipv4, create_time) values(inet_aton('112.28.165.30') ,'112.28.165.30', now()) ;
insert into us_ip_address(id, ipv4, create_time) values(inet_aton('222.237.67.87') ,'222.237.67.87', now()) ;
insert into us_ip_address(id, ipv4, create_time) values(inet_aton('118.249.213.40') ,'118.249.213.40', now()) ;

